HTC;barranquilla_gas;2020;5.912366753
HTC;barranquilla_gas;2025;8.368309657
HTC;barranquilla_gas;2030;9.572650992
HTC;barranquilla_gas;2035;10.67265099
HTC;barranquilla_gas;2040;11.77265099
HTC;barranquilla_gas;2045;12.87265099
HTC;barranquilla_fo6;2020;.
HTC;barranquilla_fo6;2025;.
HTC;barranquilla_fo6;2030;.
HTC;barranquilla_fo6;2035;.
HTC;barranquilla_fo6;2040;.
HTC;barranquilla_fo6;2045;.
HTC;cartagena_gas;2020;.
HTC;cartagena_gas;2025;.
HTC;cartagena_gas;2030;.
HTC;cartagena_gas;2035;.
HTC;cartagena_gas;2040;.
HTC;cartagena_gas;2045;.
HTC;cartagena_fo6;2020;.
HTC;cartagena_fo6;2025;.
HTC;cartagena_fo6;2030;.
HTC;cartagena_fo6;2035;.
HTC;cartagena_fo6;2040;.
HTC;cartagena_fo6;2045;.
HTC;guajira_gas;2020;.
HTC;guajira_gas;2025;.
HTC;guajira_gas;2030;.
HTC;guajira_gas;2035;.
HTC;guajira_gas;2040;.
HTC;guajira_gas;2045;.
HTC;guajira_car;2020;.
HTC;guajira_car;2025;.
HTC;guajira_car;2030;.
HTC;guajira_car;2035;.
HTC;guajira_car;2040;.
HTC;guajira_car;2045;.
HTC;flores_gas;2020;.
HTC;flores_gas;2025;.
HTC;flores_gas;2030;.
HTC;flores_gas;2035;.
HTC;flores_gas;2040;.
HTC;flores_gas;2045;.
HTC;flores_fo2;2020;.
HTC;flores_fo2;2025;.
HTC;flores_fo2;2030;.
HTC;flores_fo2;2035;.
HTC;flores_fo2;2040;.
HTC;flores_fo2;2045;.
HTC;paipa_car;2020;.
HTC;paipa_car;2025;.
HTC;paipa_car;2030;.
HTC;paipa_car;2035;.
HTC;paipa_car;2040;.
HTC;paipa_car;2045;.
HTC;tasajero_car;2020;.
HTC;tasajero_car;2025;.
HTC;tasajero_car;2030;.
HTC;tasajero_car;2035;.
HTC;tasajero_car;2040;.
HTC;tasajero_car;2045;.
HTC;zipa_car;2020;.
HTC;zipa_car;2025;.
HTC;zipa_car;2030;.
HTC;zipa_car;2035;.
HTC;zipa_car;2040;.
HTC;zipa_car;2045;.
HTC;fuel_oil;2020;.
HTC;fuel_oil;2025;.
HTC;fuel_oil;2030;.
HTC;fuel_oil;2035;.
HTC;fuel_oil;2040;.
HTC;fuel_oil;2045;.
HTC;termodorada_gas;2020;.
HTC;termodorada_gas;2025;.
HTC;termodorada_gas;2030;.
HTC;termodorada_gas;2035;.
HTC;termodorada_gas;2040;.
HTC;termodorada_gas;2045;.
HTC;termodorada_fo2;2020;.
HTC;termodorada_fo2;2025;.
HTC;termodorada_fo2;2030;.
HTC;termodorada_fo2;2035;.
HTC;termodorada_fo2;2040;.
HTC;termodorada_fo2;2045;.
HTC;termosierra_gas;2020;.
HTC;termosierra_gas;2025;.
HTC;termosierra_gas;2030;.
HTC;termosierra_gas;2035;.
HTC;termosierra_gas;2040;.
HTC;termosierra_gas;2045;.
HTC;termosierra_fo2;2020;.
HTC;termosierra_fo2;2025;.
HTC;termosierra_fo2;2030;.
HTC;termosierra_fo2;2035;.
HTC;termosierra_fo2;2040;.
HTC;termosierra_fo2;2045;.
HTC;merielectrica_gas;2020;.
HTC;merielectrica_gas;2025;.
HTC;merielectrica_gas;2030;.
HTC;merielectrica_gas;2035;.
HTC;merielectrica_gas;2040;.
HTC;merielectrica_gas;2045;.
HTC;NONE  ;2020;0
HTC;NONE  ;2025;0
HTC;NONE  ;2030;0
HTC;NONE  ;2035;0
HTC;NONE  ;2040;0
HTC;NONE  ;2045;0
HTC;termovalle_gas;2020;.
HTC;termovalle_gas;2025;.
HTC;termovalle_gas;2030;.
HTC;termovalle_gas;2035;.
HTC;termovalle_gas;2040;.
HTC;termovalle_gas;2045;.
HTC;termovalle_cmp2;2020;.
HTC;termovalle_cmp2;2025;.
HTC;termovalle_cmp2;2030;.
HTC;termovalle_cmp2;2035;.
HTC;termovalle_cmp2;2040;.
HTC;termovalle_cmp2;2045;.
HTC;termocentro_gas;2020;.
HTC;termocentro_gas;2025;.
HTC;termocentro_gas;2030;.
HTC;termocentro_gas;2035;.
HTC;termocentro_gas;2040;.
HTC;termocentro_gas;2045;.
HTC;termocentro_ja1;2020;.
HTC;termocentro_ja1;2025;.
HTC;termocentro_ja1;2030;.
HTC;termocentro_ja1;2035;.
HTC;termocentro_ja1;2040;.
HTC;termocentro_ja1;2045;.
HTC;candelaria_fo2;2020;.
HTC;candelaria_fo2;2025;.
HTC;candelaria_fo2;2030;.
HTC;candelaria_fo2;2035;.
HTC;candelaria_fo2;2040;.
HTC;candelaria_fo2;2045;.
HTC;termoyopal_gas;2020;.
HTC;termoyopal_gas;2025;.
HTC;termoyopal_gas;2030;.
HTC;termoyopal_gas;2035;.
HTC;termoyopal_gas;2040;.
HTC;termoyopal_gas;2045;.
HTC;gecelca_car;2020;.
HTC;gecelca_car;2025;.
HTC;gecelca_car;2030;.
HTC;gecelca_car;2035;.
HTC;gecelca_car;2040;.
HTC;gecelca_car;2045;.
CAUCA;barranquilla_gas;2020;.
CAUCA;barranquilla_gas;2025;.
CAUCA;barranquilla_gas;2030;.
CAUCA;barranquilla_gas;2035;.
CAUCA;barranquilla_gas;2040;.
CAUCA;barranquilla_gas;2045;.
CAUCA;barranquilla_fo6;2020;.
CAUCA;barranquilla_fo6;2025;.
CAUCA;barranquilla_fo6;2030;.
CAUCA;barranquilla_fo6;2035;.
CAUCA;barranquilla_fo6;2040;.
CAUCA;barranquilla_fo6;2045;.
CAUCA;cartagena_gas;2020;.
CAUCA;cartagena_gas;2025;.
CAUCA;cartagena_gas;2030;.
CAUCA;cartagena_gas;2035;.
CAUCA;cartagena_gas;2040;.
CAUCA;cartagena_gas;2045;.
CAUCA;cartagena_fo6;2020;.
CAUCA;cartagena_fo6;2025;.
CAUCA;cartagena_fo6;2030;.
CAUCA;cartagena_fo6;2035;.
CAUCA;cartagena_fo6;2040;.
CAUCA;cartagena_fo6;2045;.
CAUCA;guajira_gas;2020;.
CAUCA;guajira_gas;2025;.
CAUCA;guajira_gas;2030;.
CAUCA;guajira_gas;2035;.
CAUCA;guajira_gas;2040;.
CAUCA;guajira_gas;2045;.
CAUCA;guajira_car;2020;.
CAUCA;guajira_car;2025;.
CAUCA;guajira_car;2030;.
CAUCA;guajira_car;2035;.
CAUCA;guajira_car;2040;.
CAUCA;guajira_car;2045;.
CAUCA;flores_gas;2020;.
CAUCA;flores_gas;2025;.
CAUCA;flores_gas;2030;.
CAUCA;flores_gas;2035;.
CAUCA;flores_gas;2040;.
CAUCA;flores_gas;2045;.
CAUCA;flores_fo2;2020;.
CAUCA;flores_fo2;2025;.
CAUCA;flores_fo2;2030;.
CAUCA;flores_fo2;2035;.
CAUCA;flores_fo2;2040;.
CAUCA;flores_fo2;2045;.
CAUCA;paipa_car;2020;.
CAUCA;paipa_car;2025;.
CAUCA;paipa_car;2030;.
CAUCA;paipa_car;2035;.
CAUCA;paipa_car;2040;.
CAUCA;paipa_car;2045;.
CAUCA;tasajero_car;2020;.
CAUCA;tasajero_car;2025;.
CAUCA;tasajero_car;2030;.
CAUCA;tasajero_car;2035;.
CAUCA;tasajero_car;2040;.
CAUCA;tasajero_car;2045;.
CAUCA;zipa_car;2020;.
CAUCA;zipa_car;2025;.
CAUCA;zipa_car;2030;.
CAUCA;zipa_car;2035;.
CAUCA;zipa_car;2040;.
CAUCA;zipa_car;2045;.
CAUCA;fuel_oil;2020;.
CAUCA;fuel_oil;2025;.
CAUCA;fuel_oil;2030;.
CAUCA;fuel_oil;2035;.
CAUCA;fuel_oil;2040;.
CAUCA;fuel_oil;2045;.
CAUCA;termodorada_gas;2020;.
CAUCA;termodorada_gas;2025;.
CAUCA;termodorada_gas;2030;.
CAUCA;termodorada_gas;2035;.
CAUCA;termodorada_gas;2040;.
CAUCA;termodorada_gas;2045;.
CAUCA;termodorada_fo2;2020;.
CAUCA;termodorada_fo2;2025;.
CAUCA;termodorada_fo2;2030;.
CAUCA;termodorada_fo2;2035;.
CAUCA;termodorada_fo2;2040;.
CAUCA;termodorada_fo2;2045;.
CAUCA;termosierra_gas;2020;.
CAUCA;termosierra_gas;2025;.
CAUCA;termosierra_gas;2030;.
CAUCA;termosierra_gas;2035;.
CAUCA;termosierra_gas;2040;.
CAUCA;termosierra_gas;2045;.
CAUCA;termosierra_fo2;2020;.
CAUCA;termosierra_fo2;2025;.
CAUCA;termosierra_fo2;2030;.
CAUCA;termosierra_fo2;2035;.
CAUCA;termosierra_fo2;2040;.
CAUCA;termosierra_fo2;2045;.
CAUCA;merielectrica_gas;2020;.
CAUCA;merielectrica_gas;2025;.
CAUCA;merielectrica_gas;2030;.
CAUCA;merielectrica_gas;2035;.
CAUCA;merielectrica_gas;2040;.
CAUCA;merielectrica_gas;2045;.
CAUCA;NONE  ;2020;0
CAUCA;NONE  ;2025;0
CAUCA;NONE  ;2030;0
CAUCA;NONE  ;2035;0
CAUCA;NONE  ;2040;0
CAUCA;NONE  ;2045;0
CAUCA;termovalle_gas;2020;.
CAUCA;termovalle_gas;2025;.
CAUCA;termovalle_gas;2030;.
CAUCA;termovalle_gas;2035;.
CAUCA;termovalle_gas;2040;.
CAUCA;termovalle_gas;2045;.
CAUCA;termovalle_cmp2;2020;.
CAUCA;termovalle_cmp2;2025;.
CAUCA;termovalle_cmp2;2030;.
CAUCA;termovalle_cmp2;2035;.
CAUCA;termovalle_cmp2;2040;.
CAUCA;termovalle_cmp2;2045;.
CAUCA;termocentro_gas;2020;.
CAUCA;termocentro_gas;2025;.
CAUCA;termocentro_gas;2030;.
CAUCA;termocentro_gas;2035;.
CAUCA;termocentro_gas;2040;.
CAUCA;termocentro_gas;2045;.
CAUCA;termocentro_ja1;2020;.
CAUCA;termocentro_ja1;2025;.
CAUCA;termocentro_ja1;2030;.
CAUCA;termocentro_ja1;2035;.
CAUCA;termocentro_ja1;2040;.
CAUCA;termocentro_ja1;2045;.
CAUCA;candelaria_fo2;2020;.
CAUCA;candelaria_fo2;2025;.
CAUCA;candelaria_fo2;2030;.
CAUCA;candelaria_fo2;2035;.
CAUCA;candelaria_fo2;2040;.
CAUCA;candelaria_fo2;2045;.
CAUCA;termoyopal_gas;2020;.
CAUCA;termoyopal_gas;2025;.
CAUCA;termoyopal_gas;2030;.
CAUCA;termoyopal_gas;2035;.
CAUCA;termoyopal_gas;2040;.
CAUCA;termoyopal_gas;2045;.
CAUCA;gecelca_car;2020;.
CAUCA;gecelca_car;2025;.
CAUCA;gecelca_car;2030;.
CAUCA;gecelca_car;2035;.
CAUCA;gecelca_car;2040;.
CAUCA;gecelca_car;2045;.
NAR-PUT;barranquilla_gas;2020;.
NAR-PUT;barranquilla_gas;2025;.
NAR-PUT;barranquilla_gas;2030;.
NAR-PUT;barranquilla_gas;2035;.
NAR-PUT;barranquilla_gas;2040;.
NAR-PUT;barranquilla_gas;2045;.
NAR-PUT;barranquilla_fo6;2020;.
NAR-PUT;barranquilla_fo6;2025;.
NAR-PUT;barranquilla_fo6;2030;.
NAR-PUT;barranquilla_fo6;2035;.
NAR-PUT;barranquilla_fo6;2040;.
NAR-PUT;barranquilla_fo6;2045;.
NAR-PUT;cartagena_gas;2020;.
NAR-PUT;cartagena_gas;2025;.
NAR-PUT;cartagena_gas;2030;.
NAR-PUT;cartagena_gas;2035;.
NAR-PUT;cartagena_gas;2040;.
NAR-PUT;cartagena_gas;2045;.
NAR-PUT;cartagena_fo6;2020;.
NAR-PUT;cartagena_fo6;2025;.
NAR-PUT;cartagena_fo6;2030;.
NAR-PUT;cartagena_fo6;2035;.
NAR-PUT;cartagena_fo6;2040;.
NAR-PUT;cartagena_fo6;2045;.
NAR-PUT;guajira_gas;2020;.
NAR-PUT;guajira_gas;2025;.
NAR-PUT;guajira_gas;2030;.
NAR-PUT;guajira_gas;2035;.
NAR-PUT;guajira_gas;2040;.
NAR-PUT;guajira_gas;2045;.
NAR-PUT;guajira_car;2020;.
NAR-PUT;guajira_car;2025;.
NAR-PUT;guajira_car;2030;.
NAR-PUT;guajira_car;2035;.
NAR-PUT;guajira_car;2040;.
NAR-PUT;guajira_car;2045;.
NAR-PUT;flores_gas;2020;.
NAR-PUT;flores_gas;2025;.
NAR-PUT;flores_gas;2030;.
NAR-PUT;flores_gas;2035;.
NAR-PUT;flores_gas;2040;.
NAR-PUT;flores_gas;2045;.
NAR-PUT;flores_fo2;2020;.
NAR-PUT;flores_fo2;2025;.
NAR-PUT;flores_fo2;2030;.
NAR-PUT;flores_fo2;2035;.
NAR-PUT;flores_fo2;2040;.
NAR-PUT;flores_fo2;2045;.
NAR-PUT;paipa_car;2020;.
NAR-PUT;paipa_car;2025;.
NAR-PUT;paipa_car;2030;.
NAR-PUT;paipa_car;2035;.
NAR-PUT;paipa_car;2040;.
NAR-PUT;paipa_car;2045;.
NAR-PUT;tasajero_car;2020;.
NAR-PUT;tasajero_car;2025;.
NAR-PUT;tasajero_car;2030;.
NAR-PUT;tasajero_car;2035;.
NAR-PUT;tasajero_car;2040;.
NAR-PUT;tasajero_car;2045;.
NAR-PUT;zipa_car;2020;.
NAR-PUT;zipa_car;2025;.
NAR-PUT;zipa_car;2030;.
NAR-PUT;zipa_car;2035;.
NAR-PUT;zipa_car;2040;.
NAR-PUT;zipa_car;2045;.
NAR-PUT;fuel_oil;2020;.
NAR-PUT;fuel_oil;2025;.
NAR-PUT;fuel_oil;2030;.
NAR-PUT;fuel_oil;2035;.
NAR-PUT;fuel_oil;2040;.
NAR-PUT;fuel_oil;2045;.
NAR-PUT;termodorada_gas;2020;.
NAR-PUT;termodorada_gas;2025;.
NAR-PUT;termodorada_gas;2030;.
NAR-PUT;termodorada_gas;2035;.
NAR-PUT;termodorada_gas;2040;.
NAR-PUT;termodorada_gas;2045;.
NAR-PUT;termodorada_fo2;2020;.
NAR-PUT;termodorada_fo2;2025;.
NAR-PUT;termodorada_fo2;2030;.
NAR-PUT;termodorada_fo2;2035;.
NAR-PUT;termodorada_fo2;2040;.
NAR-PUT;termodorada_fo2;2045;.
NAR-PUT;termosierra_gas;2020;.
NAR-PUT;termosierra_gas;2025;.
NAR-PUT;termosierra_gas;2030;.
NAR-PUT;termosierra_gas;2035;.
NAR-PUT;termosierra_gas;2040;.
NAR-PUT;termosierra_gas;2045;.
NAR-PUT;termosierra_fo2;2020;.
NAR-PUT;termosierra_fo2;2025;.
NAR-PUT;termosierra_fo2;2030;.
NAR-PUT;termosierra_fo2;2035;.
NAR-PUT;termosierra_fo2;2040;.
NAR-PUT;termosierra_fo2;2045;.
NAR-PUT;merielectrica_gas;2020;.
NAR-PUT;merielectrica_gas;2025;.
NAR-PUT;merielectrica_gas;2030;.
NAR-PUT;merielectrica_gas;2035;.
NAR-PUT;merielectrica_gas;2040;.
NAR-PUT;merielectrica_gas;2045;.
NAR-PUT;NONE  ;2020;0
NAR-PUT;NONE  ;2025;0
NAR-PUT;NONE  ;2030;0
NAR-PUT;NONE  ;2035;0
NAR-PUT;NONE  ;2040;0
NAR-PUT;NONE  ;2045;0
NAR-PUT;termovalle_gas;2020;.
NAR-PUT;termovalle_gas;2025;.
NAR-PUT;termovalle_gas;2030;.
NAR-PUT;termovalle_gas;2035;.
NAR-PUT;termovalle_gas;2040;.
NAR-PUT;termovalle_gas;2045;.
NAR-PUT;termovalle_cmp2;2020;.
NAR-PUT;termovalle_cmp2;2025;.
NAR-PUT;termovalle_cmp2;2030;.
NAR-PUT;termovalle_cmp2;2035;.
NAR-PUT;termovalle_cmp2;2040;.
NAR-PUT;termovalle_cmp2;2045;.
NAR-PUT;termocentro_gas;2020;.
NAR-PUT;termocentro_gas;2025;.
NAR-PUT;termocentro_gas;2030;.
NAR-PUT;termocentro_gas;2035;.
NAR-PUT;termocentro_gas;2040;.
NAR-PUT;termocentro_gas;2045;.
NAR-PUT;termocentro_ja1;2020;.
NAR-PUT;termocentro_ja1;2025;.
NAR-PUT;termocentro_ja1;2030;.
NAR-PUT;termocentro_ja1;2035;.
NAR-PUT;termocentro_ja1;2040;.
NAR-PUT;termocentro_ja1;2045;.
NAR-PUT;candelaria_fo2;2020;.
NAR-PUT;candelaria_fo2;2025;.
NAR-PUT;candelaria_fo2;2030;.
NAR-PUT;candelaria_fo2;2035;.
NAR-PUT;candelaria_fo2;2040;.
NAR-PUT;candelaria_fo2;2045;.
NAR-PUT;termoyopal_gas;2020;.
NAR-PUT;termoyopal_gas;2025;.
NAR-PUT;termoyopal_gas;2030;.
NAR-PUT;termoyopal_gas;2035;.
NAR-PUT;termoyopal_gas;2040;.
NAR-PUT;termoyopal_gas;2045;.
NAR-PUT;gecelca_car;2020;.
NAR-PUT;gecelca_car;2025;.
NAR-PUT;gecelca_car;2030;.
NAR-PUT;gecelca_car;2035;.
NAR-PUT;gecelca_car;2040;.
NAR-PUT;gecelca_car;2045;.
VALLE;barranquilla_gas;2020;.
VALLE;barranquilla_gas;2025;.
VALLE;barranquilla_gas;2030;.
VALLE;barranquilla_gas;2035;.
VALLE;barranquilla_gas;2040;.
VALLE;barranquilla_gas;2045;.
VALLE;barranquilla_fo6;2020;.
VALLE;barranquilla_fo6;2025;.
VALLE;barranquilla_fo6;2030;.
VALLE;barranquilla_fo6;2035;.
VALLE;barranquilla_fo6;2040;.
VALLE;barranquilla_fo6;2045;.
VALLE;cartagena_gas;2020;.
VALLE;cartagena_gas;2025;.
VALLE;cartagena_gas;2030;.
VALLE;cartagena_gas;2035;.
VALLE;cartagena_gas;2040;.
VALLE;cartagena_gas;2045;.
VALLE;cartagena_fo6;2020;.
VALLE;cartagena_fo6;2025;.
VALLE;cartagena_fo6;2030;.
VALLE;cartagena_fo6;2035;.
VALLE;cartagena_fo6;2040;.
VALLE;cartagena_fo6;2045;.
VALLE;guajira_gas;2020;.
VALLE;guajira_gas;2025;.
VALLE;guajira_gas;2030;.
VALLE;guajira_gas;2035;.
VALLE;guajira_gas;2040;.
VALLE;guajira_gas;2045;.
VALLE;guajira_car;2020;.
VALLE;guajira_car;2025;.
VALLE;guajira_car;2030;.
VALLE;guajira_car;2035;.
VALLE;guajira_car;2040;.
VALLE;guajira_car;2045;.
VALLE;flores_gas;2020;.
VALLE;flores_gas;2025;.
VALLE;flores_gas;2030;.
VALLE;flores_gas;2035;.
VALLE;flores_gas;2040;.
VALLE;flores_gas;2045;.
VALLE;flores_fo2;2020;.
VALLE;flores_fo2;2025;.
VALLE;flores_fo2;2030;.
VALLE;flores_fo2;2035;.
VALLE;flores_fo2;2040;.
VALLE;flores_fo2;2045;.
VALLE;paipa_car;2020;.
VALLE;paipa_car;2025;.
VALLE;paipa_car;2030;.
VALLE;paipa_car;2035;.
VALLE;paipa_car;2040;.
VALLE;paipa_car;2045;.
VALLE;tasajero_car;2020;.
VALLE;tasajero_car;2025;.
VALLE;tasajero_car;2030;.
VALLE;tasajero_car;2035;.
VALLE;tasajero_car;2040;.
VALLE;tasajero_car;2045;.
VALLE;zipa_car;2020;.
VALLE;zipa_car;2025;.
VALLE;zipa_car;2030;.
VALLE;zipa_car;2035;.
VALLE;zipa_car;2040;.
VALLE;zipa_car;2045;.
VALLE;fuel_oil;2020;.
VALLE;fuel_oil;2025;.
VALLE;fuel_oil;2030;.
VALLE;fuel_oil;2035;.
VALLE;fuel_oil;2040;.
VALLE;fuel_oil;2045;.
VALLE;termodorada_gas;2020;.
VALLE;termodorada_gas;2025;.
VALLE;termodorada_gas;2030;.
VALLE;termodorada_gas;2035;.
VALLE;termodorada_gas;2040;.
VALLE;termodorada_gas;2045;.
VALLE;termodorada_fo2;2020;.
VALLE;termodorada_fo2;2025;.
VALLE;termodorada_fo2;2030;.
VALLE;termodorada_fo2;2035;.
VALLE;termodorada_fo2;2040;.
VALLE;termodorada_fo2;2045;.
VALLE;termosierra_gas;2020;.
VALLE;termosierra_gas;2025;.
VALLE;termosierra_gas;2030;.
VALLE;termosierra_gas;2035;.
VALLE;termosierra_gas;2040;.
VALLE;termosierra_gas;2045;.
VALLE;termosierra_fo2;2020;.
VALLE;termosierra_fo2;2025;.
VALLE;termosierra_fo2;2030;.
VALLE;termosierra_fo2;2035;.
VALLE;termosierra_fo2;2040;.
VALLE;termosierra_fo2;2045;.
VALLE;merielectrica_gas;2020;.
VALLE;merielectrica_gas;2025;.
VALLE;merielectrica_gas;2030;.
VALLE;merielectrica_gas;2035;.
VALLE;merielectrica_gas;2040;.
VALLE;merielectrica_gas;2045;.
VALLE;NONE  ;2020;0
VALLE;NONE  ;2025;0
VALLE;NONE  ;2030;0
VALLE;NONE  ;2035;0
VALLE;NONE  ;2040;0
VALLE;NONE  ;2045;0
VALLE;termovalle_gas;2020;8.110787537
VALLE;termovalle_gas;2025;8.288385316
VALLE;termovalle_gas;2030;9.42173854
VALLE;termovalle_gas;2035;10.02173854
VALLE;termovalle_gas;2040;10.62173854
VALLE;termovalle_gas;2045;11.22173854
VALLE;termovalle_cmp2;2020;18.92334947
VALLE;termovalle_cmp2;2025;18.47798234
VALLE;termovalle_cmp2;2030;19.49424772
VALLE;termovalle_cmp2;2035;20.09424772
VALLE;termovalle_cmp2;2040;20.69424772
VALLE;termovalle_cmp2;2045;21.29424772
VALLE;termocentro_gas;2020;.
VALLE;termocentro_gas;2025;.
VALLE;termocentro_gas;2030;.
VALLE;termocentro_gas;2035;.
VALLE;termocentro_gas;2040;.
VALLE;termocentro_gas;2045;.
VALLE;termocentro_ja1;2020;.
VALLE;termocentro_ja1;2025;.
VALLE;termocentro_ja1;2030;.
VALLE;termocentro_ja1;2035;.
VALLE;termocentro_ja1;2040;.
VALLE;termocentro_ja1;2045;.
VALLE;candelaria_fo2;2020;.
VALLE;candelaria_fo2;2025;.
VALLE;candelaria_fo2;2030;.
VALLE;candelaria_fo2;2035;.
VALLE;candelaria_fo2;2040;.
VALLE;candelaria_fo2;2045;.
VALLE;termoyopal_gas;2020;.
VALLE;termoyopal_gas;2025;.
VALLE;termoyopal_gas;2030;.
VALLE;termoyopal_gas;2035;.
VALLE;termoyopal_gas;2040;.
VALLE;termoyopal_gas;2045;.
VALLE;gecelca_car;2020;.
VALLE;gecelca_car;2025;.
VALLE;gecelca_car;2030;.
VALLE;gecelca_car;2035;.
VALLE;gecelca_car;2040;.
VALLE;gecelca_car;2045;.
CQR;barranquilla_gas;2020;.
CQR;barranquilla_gas;2025;.
CQR;barranquilla_gas;2030;.
CQR;barranquilla_gas;2035;.
CQR;barranquilla_gas;2040;.
CQR;barranquilla_gas;2045;.
CQR;barranquilla_fo6;2020;.
CQR;barranquilla_fo6;2025;.
CQR;barranquilla_fo6;2030;.
CQR;barranquilla_fo6;2035;.
CQR;barranquilla_fo6;2040;.
CQR;barranquilla_fo6;2045;.
CQR;cartagena_gas;2020;.
CQR;cartagena_gas;2025;.
CQR;cartagena_gas;2030;.
CQR;cartagena_gas;2035;.
CQR;cartagena_gas;2040;.
CQR;cartagena_gas;2045;.
CQR;cartagena_fo6;2020;.
CQR;cartagena_fo6;2025;.
CQR;cartagena_fo6;2030;.
CQR;cartagena_fo6;2035;.
CQR;cartagena_fo6;2040;.
CQR;cartagena_fo6;2045;.
CQR;guajira_gas;2020;.
CQR;guajira_gas;2025;.
CQR;guajira_gas;2030;.
CQR;guajira_gas;2035;.
CQR;guajira_gas;2040;.
CQR;guajira_gas;2045;.
CQR;guajira_car;2020;.
CQR;guajira_car;2025;.
CQR;guajira_car;2030;.
CQR;guajira_car;2035;.
CQR;guajira_car;2040;.
CQR;guajira_car;2045;.
CQR;flores_gas;2020;.
CQR;flores_gas;2025;.
CQR;flores_gas;2030;.
CQR;flores_gas;2035;.
CQR;flores_gas;2040;.
CQR;flores_gas;2045;.
CQR;flores_fo2;2020;.
CQR;flores_fo2;2025;.
CQR;flores_fo2;2030;.
CQR;flores_fo2;2035;.
CQR;flores_fo2;2040;.
CQR;flores_fo2;2045;.
CQR;paipa_car;2020;.
CQR;paipa_car;2025;.
CQR;paipa_car;2030;.
CQR;paipa_car;2035;.
CQR;paipa_car;2040;.
CQR;paipa_car;2045;.
CQR;tasajero_car;2020;.
CQR;tasajero_car;2025;.
CQR;tasajero_car;2030;.
CQR;tasajero_car;2035;.
CQR;tasajero_car;2040;.
CQR;tasajero_car;2045;.
CQR;zipa_car;2020;.
CQR;zipa_car;2025;.
CQR;zipa_car;2030;.
CQR;zipa_car;2035;.
CQR;zipa_car;2040;.
CQR;zipa_car;2045;.
CQR;fuel_oil;2020;.
CQR;fuel_oil;2025;.
CQR;fuel_oil;2030;.
CQR;fuel_oil;2035;.
CQR;fuel_oil;2040;.
CQR;fuel_oil;2045;.
CQR;termodorada_gas;2020;8.133626923
CQR;termodorada_gas;2025;10.87337025
CQR;termodorada_gas;2030;12.25737394
CQR;termodorada_gas;2035;13.55737394
CQR;termodorada_gas;2040;14.85737394
CQR;termodorada_gas;2045;16.15737394
CQR;termodorada_fo2;2020;21.85498336
CQR;termodorada_fo2;2025;22.15153139
CQR;termodorada_fo2;2030;25.36207691
CQR;termodorada_fo2;2035;26.16207691
CQR;termodorada_fo2;2040;26.96207691
CQR;termodorada_fo2;2045;27.76207691
CQR;termosierra_gas;2020;.
CQR;termosierra_gas;2025;.
CQR;termosierra_gas;2030;.
CQR;termosierra_gas;2035;.
CQR;termosierra_gas;2040;.
CQR;termosierra_gas;2045;.
CQR;termosierra_fo2;2020;.
CQR;termosierra_fo2;2025;.
CQR;termosierra_fo2;2030;.
CQR;termosierra_fo2;2035;.
CQR;termosierra_fo2;2040;.
CQR;termosierra_fo2;2045;.
CQR;merielectrica_gas;2020;.
CQR;merielectrica_gas;2025;.
CQR;merielectrica_gas;2030;.
CQR;merielectrica_gas;2035;.
CQR;merielectrica_gas;2040;.
CQR;merielectrica_gas;2045;.
CQR;NONE  ;2020;0
CQR;NONE  ;2025;0
CQR;NONE  ;2030;0
CQR;NONE  ;2035;0
CQR;NONE  ;2040;0
CQR;NONE  ;2045;0
CQR;termovalle_gas;2020;.
CQR;termovalle_gas;2025;.
CQR;termovalle_gas;2030;.
CQR;termovalle_gas;2035;.
CQR;termovalle_gas;2040;.
CQR;termovalle_gas;2045;.
CQR;termovalle_cmp2;2020;.
CQR;termovalle_cmp2;2025;.
CQR;termovalle_cmp2;2030;.
CQR;termovalle_cmp2;2035;.
CQR;termovalle_cmp2;2040;.
CQR;termovalle_cmp2;2045;.
CQR;termocentro_gas;2020;.
CQR;termocentro_gas;2025;.
CQR;termocentro_gas;2030;.
CQR;termocentro_gas;2035;.
CQR;termocentro_gas;2040;.
CQR;termocentro_gas;2045;.
CQR;termocentro_ja1;2020;.
CQR;termocentro_ja1;2025;.
CQR;termocentro_ja1;2030;.
CQR;termocentro_ja1;2035;.
CQR;termocentro_ja1;2040;.
CQR;termocentro_ja1;2045;.
CQR;candelaria_fo2;2020;.
CQR;candelaria_fo2;2025;.
CQR;candelaria_fo2;2030;.
CQR;candelaria_fo2;2035;.
CQR;candelaria_fo2;2040;.
CQR;candelaria_fo2;2045;.
CQR;termoyopal_gas;2020;.
CQR;termoyopal_gas;2025;.
CQR;termoyopal_gas;2030;.
CQR;termoyopal_gas;2035;.
CQR;termoyopal_gas;2040;.
CQR;termoyopal_gas;2045;.
CQR;gecelca_car;2020;.
CQR;gecelca_car;2025;.
CQR;gecelca_car;2030;.
CQR;gecelca_car;2035;.
CQR;gecelca_car;2040;.
CQR;gecelca_car;2045;.
ANT-CHO;barranquilla_gas;2020;.
ANT-CHO;barranquilla_gas;2025;.
ANT-CHO;barranquilla_gas;2030;.
ANT-CHO;barranquilla_gas;2035;.
ANT-CHO;barranquilla_gas;2040;.
ANT-CHO;barranquilla_gas;2045;.
ANT-CHO;barranquilla_fo6;2020;.
ANT-CHO;barranquilla_fo6;2025;.
ANT-CHO;barranquilla_fo6;2030;.
ANT-CHO;barranquilla_fo6;2035;.
ANT-CHO;barranquilla_fo6;2040;.
ANT-CHO;barranquilla_fo6;2045;.
ANT-CHO;cartagena_gas;2020;.
ANT-CHO;cartagena_gas;2025;.
ANT-CHO;cartagena_gas;2030;.
ANT-CHO;cartagena_gas;2035;.
ANT-CHO;cartagena_gas;2040;.
ANT-CHO;cartagena_gas;2045;.
ANT-CHO;cartagena_fo6;2020;.
ANT-CHO;cartagena_fo6;2025;.
ANT-CHO;cartagena_fo6;2030;.
ANT-CHO;cartagena_fo6;2035;.
ANT-CHO;cartagena_fo6;2040;.
ANT-CHO;cartagena_fo6;2045;.
ANT-CHO;guajira_gas;2020;.
ANT-CHO;guajira_gas;2025;.
ANT-CHO;guajira_gas;2030;.
ANT-CHO;guajira_gas;2035;.
ANT-CHO;guajira_gas;2040;.
ANT-CHO;guajira_gas;2045;.
ANT-CHO;guajira_car;2020;.
ANT-CHO;guajira_car;2025;.
ANT-CHO;guajira_car;2030;.
ANT-CHO;guajira_car;2035;.
ANT-CHO;guajira_car;2040;.
ANT-CHO;guajira_car;2045;.
ANT-CHO;flores_gas;2020;.
ANT-CHO;flores_gas;2025;.
ANT-CHO;flores_gas;2030;.
ANT-CHO;flores_gas;2035;.
ANT-CHO;flores_gas;2040;.
ANT-CHO;flores_gas;2045;.
ANT-CHO;flores_fo2;2020;.
ANT-CHO;flores_fo2;2025;.
ANT-CHO;flores_fo2;2030;.
ANT-CHO;flores_fo2;2035;.
ANT-CHO;flores_fo2;2040;.
ANT-CHO;flores_fo2;2045;.
ANT-CHO;paipa_car;2020;.
ANT-CHO;paipa_car;2025;.
ANT-CHO;paipa_car;2030;.
ANT-CHO;paipa_car;2035;.
ANT-CHO;paipa_car;2040;.
ANT-CHO;paipa_car;2045;.
ANT-CHO;tasajero_car;2020;.
ANT-CHO;tasajero_car;2025;.
ANT-CHO;tasajero_car;2030;.
ANT-CHO;tasajero_car;2035;.
ANT-CHO;tasajero_car;2040;.
ANT-CHO;tasajero_car;2045;.
ANT-CHO;zipa_car;2020;.
ANT-CHO;zipa_car;2025;.
ANT-CHO;zipa_car;2030;.
ANT-CHO;zipa_car;2035;.
ANT-CHO;zipa_car;2040;.
ANT-CHO;zipa_car;2045;.
ANT-CHO;fuel_oil;2020;.
ANT-CHO;fuel_oil;2025;.
ANT-CHO;fuel_oil;2030;.
ANT-CHO;fuel_oil;2035;.
ANT-CHO;fuel_oil;2040;.
ANT-CHO;fuel_oil;2045;.
ANT-CHO;termodorada_gas;2020;.
ANT-CHO;termodorada_gas;2025;.
ANT-CHO;termodorada_gas;2030;.
ANT-CHO;termodorada_gas;2035;.
ANT-CHO;termodorada_gas;2040;.
ANT-CHO;termodorada_gas;2045;.
ANT-CHO;termodorada_fo2;2020;.
ANT-CHO;termodorada_fo2;2025;.
ANT-CHO;termodorada_fo2;2030;.
ANT-CHO;termodorada_fo2;2035;.
ANT-CHO;termodorada_fo2;2040;.
ANT-CHO;termodorada_fo2;2045;.
ANT-CHO;termosierra_gas;2020;8.1336
ANT-CHO;termosierra_gas;2025;10.8733224
ANT-CHO;termosierra_gas;2030;12.25739683
ANT-CHO;termosierra_gas;2035;13.45739683
ANT-CHO;termosierra_gas;2040;14.65739683
ANT-CHO;termosierra_gas;2045;15.85739683
ANT-CHO;termosierra_fo2;2020;18.65984784
ANT-CHO;termosierra_fo2;2025;18.21434138
ANT-CHO;termosierra_fo2;2030;19.23146696
ANT-CHO;termosierra_fo2;2035;20.13146696
ANT-CHO;termosierra_fo2;2040;21.03146696
ANT-CHO;termosierra_fo2;2045;21.93146696
ANT-CHO;merielectrica_gas;2020;.
ANT-CHO;merielectrica_gas;2025;.
ANT-CHO;merielectrica_gas;2030;.
ANT-CHO;merielectrica_gas;2035;.
ANT-CHO;merielectrica_gas;2040;.
ANT-CHO;merielectrica_gas;2045;.
ANT-CHO;NONE  ;2020;0
ANT-CHO;NONE  ;2025;0
ANT-CHO;NONE  ;2030;0
ANT-CHO;NONE  ;2035;0
ANT-CHO;NONE  ;2040;0
ANT-CHO;NONE  ;2045;0
ANT-CHO;termovalle_gas;2020;.
ANT-CHO;termovalle_gas;2025;.
ANT-CHO;termovalle_gas;2030;.
ANT-CHO;termovalle_gas;2035;.
ANT-CHO;termovalle_gas;2040;.
ANT-CHO;termovalle_gas;2045;.
ANT-CHO;termovalle_cmp2;2020;.
ANT-CHO;termovalle_cmp2;2025;.
ANT-CHO;termovalle_cmp2;2030;.
ANT-CHO;termovalle_cmp2;2035;.
ANT-CHO;termovalle_cmp2;2040;.
ANT-CHO;termovalle_cmp2;2045;.
ANT-CHO;termocentro_gas;2020;.
ANT-CHO;termocentro_gas;2025;.
ANT-CHO;termocentro_gas;2030;.
ANT-CHO;termocentro_gas;2035;.
ANT-CHO;termocentro_gas;2040;.
ANT-CHO;termocentro_gas;2045;.
ANT-CHO;termocentro_ja1;2020;.
ANT-CHO;termocentro_ja1;2025;.
ANT-CHO;termocentro_ja1;2030;.
ANT-CHO;termocentro_ja1;2035;.
ANT-CHO;termocentro_ja1;2040;.
ANT-CHO;termocentro_ja1;2045;.
ANT-CHO;candelaria_fo2;2020;.
ANT-CHO;candelaria_fo2;2025;.
ANT-CHO;candelaria_fo2;2030;.
ANT-CHO;candelaria_fo2;2035;.
ANT-CHO;candelaria_fo2;2040;.
ANT-CHO;candelaria_fo2;2045;.
ANT-CHO;termoyopal_gas;2020;.
ANT-CHO;termoyopal_gas;2025;.
ANT-CHO;termoyopal_gas;2030;.
ANT-CHO;termoyopal_gas;2035;.
ANT-CHO;termoyopal_gas;2040;.
ANT-CHO;termoyopal_gas;2045;.
ANT-CHO;gecelca_car;2020;.
ANT-CHO;gecelca_car;2025;.
ANT-CHO;gecelca_car;2030;.
ANT-CHO;gecelca_car;2035;.
ANT-CHO;gecelca_car;2040;.
ANT-CHO;gecelca_car;2045;.
BOLIVAR;barranquilla_gas;2020;5.912366753
BOLIVAR;barranquilla_gas;2025;8.368309657
BOLIVAR;barranquilla_gas;2030;9.572650992
BOLIVAR;barranquilla_gas;2035;10.47265099
BOLIVAR;barranquilla_gas;2040;11.37265099
BOLIVAR;barranquilla_gas;2045;12.27265099
BOLIVAR;barranquilla_fo6;2020;.
BOLIVAR;barranquilla_fo6;2025;.
BOLIVAR;barranquilla_fo6;2030;.
BOLIVAR;barranquilla_fo6;2035;.
BOLIVAR;barranquilla_fo6;2040;.
BOLIVAR;barranquilla_fo6;2045;.
BOLIVAR;cartagena_gas;2020;26.53949153
BOLIVAR;cartagena_gas;2025;8.094590164
BOLIVAR;cartagena_gas;2030;9.298571429
BOLIVAR;cartagena_gas;2035;10.39857143
BOLIVAR;cartagena_gas;2040;11.49857143
BOLIVAR;cartagena_gas;2045;12.59857143
BOLIVAR;cartagena_fo6;2020;9.797833611
BOLIVAR;cartagena_fo6;2025;15.22831774
BOLIVAR;cartagena_fo6;2030;17.43503647
BOLIVAR;cartagena_fo6;2035;19.33503647
BOLIVAR;cartagena_fo6;2040;21.23503647
BOLIVAR;cartagena_fo6;2045;23.13503647
BOLIVAR;guajira_gas;2020;.
BOLIVAR;guajira_gas;2025;.
BOLIVAR;guajira_gas;2030;.
BOLIVAR;guajira_gas;2035;.
BOLIVAR;guajira_gas;2040;.
BOLIVAR;guajira_gas;2045;.
BOLIVAR;guajira_car;2020;.
BOLIVAR;guajira_car;2025;.
BOLIVAR;guajira_car;2030;.
BOLIVAR;guajira_car;2035;.
BOLIVAR;guajira_car;2040;.
BOLIVAR;guajira_car;2045;.
BOLIVAR;flores_gas;2020;.
BOLIVAR;flores_gas;2025;.
BOLIVAR;flores_gas;2030;.
BOLIVAR;flores_gas;2035;.
BOLIVAR;flores_gas;2040;.
BOLIVAR;flores_gas;2045;.
BOLIVAR;flores_fo2;2020;18.17073789
BOLIVAR;flores_fo2;2025;17.72521917
BOLIVAR;flores_fo2;2030;18.74197181
BOLIVAR;flores_fo2;2035;19.24197181
BOLIVAR;flores_fo2;2040;19.74197181
BOLIVAR;flores_fo2;2045;20.24197181
BOLIVAR;paipa_car;2020;.
BOLIVAR;paipa_car;2025;.
BOLIVAR;paipa_car;2030;.
BOLIVAR;paipa_car;2035;.
BOLIVAR;paipa_car;2040;.
BOLIVAR;paipa_car;2045;.
BOLIVAR;tasajero_car;2020;.
BOLIVAR;tasajero_car;2025;.
BOLIVAR;tasajero_car;2030;.
BOLIVAR;tasajero_car;2035;.
BOLIVAR;tasajero_car;2040;.
BOLIVAR;tasajero_car;2045;.
BOLIVAR;zipa_car;2020;.
BOLIVAR;zipa_car;2025;.
BOLIVAR;zipa_car;2030;.
BOLIVAR;zipa_car;2035;.
BOLIVAR;zipa_car;2040;.
BOLIVAR;zipa_car;2045;.
BOLIVAR;fuel_oil;2020;.
BOLIVAR;fuel_oil;2025;.
BOLIVAR;fuel_oil;2030;.
BOLIVAR;fuel_oil;2035;.
BOLIVAR;fuel_oil;2040;.
BOLIVAR;fuel_oil;2045;.
BOLIVAR;termodorada_gas;2020;.
BOLIVAR;termodorada_gas;2025;.
BOLIVAR;termodorada_gas;2030;.
BOLIVAR;termodorada_gas;2035;.
BOLIVAR;termodorada_gas;2040;.
BOLIVAR;termodorada_gas;2045;.
BOLIVAR;termodorada_fo2;2020;.
BOLIVAR;termodorada_fo2;2025;.
BOLIVAR;termodorada_fo2;2030;.
BOLIVAR;termodorada_fo2;2035;.
BOLIVAR;termodorada_fo2;2040;.
BOLIVAR;termodorada_fo2;2045;.
BOLIVAR;termosierra_gas;2020;.
BOLIVAR;termosierra_gas;2025;.
BOLIVAR;termosierra_gas;2030;.
BOLIVAR;termosierra_gas;2035;.
BOLIVAR;termosierra_gas;2040;.
BOLIVAR;termosierra_gas;2045;.
BOLIVAR;termosierra_fo2;2020;.
BOLIVAR;termosierra_fo2;2025;.
BOLIVAR;termosierra_fo2;2030;.
BOLIVAR;termosierra_fo2;2035;.
BOLIVAR;termosierra_fo2;2040;.
BOLIVAR;termosierra_fo2;2045;.
BOLIVAR;merielectrica_gas;2020;.
BOLIVAR;merielectrica_gas;2025;.
BOLIVAR;merielectrica_gas;2030;.
BOLIVAR;merielectrica_gas;2035;.
BOLIVAR;merielectrica_gas;2040;.
BOLIVAR;merielectrica_gas;2045;.
BOLIVAR;NONE  ;2020;0
BOLIVAR;NONE  ;2025;0
BOLIVAR;NONE  ;2030;0
BOLIVAR;NONE  ;2035;0
BOLIVAR;NONE  ;2040;0
BOLIVAR;NONE  ;2045;0
BOLIVAR;termovalle_gas;2020;.
BOLIVAR;termovalle_gas;2025;.
BOLIVAR;termovalle_gas;2030;.
BOLIVAR;termovalle_gas;2035;.
BOLIVAR;termovalle_gas;2040;.
BOLIVAR;termovalle_gas;2045;.
BOLIVAR;termovalle_cmp2;2020;.
BOLIVAR;termovalle_cmp2;2025;.
BOLIVAR;termovalle_cmp2;2030;.
BOLIVAR;termovalle_cmp2;2035;.
BOLIVAR;termovalle_cmp2;2040;.
BOLIVAR;termovalle_cmp2;2045;.
BOLIVAR;termocentro_gas;2020;.
BOLIVAR;termocentro_gas;2025;.
BOLIVAR;termocentro_gas;2030;.
BOLIVAR;termocentro_gas;2035;.
BOLIVAR;termocentro_gas;2040;.
BOLIVAR;termocentro_gas;2045;.
BOLIVAR;termocentro_ja1;2020;.
BOLIVAR;termocentro_ja1;2025;.
BOLIVAR;termocentro_ja1;2030;.
BOLIVAR;termocentro_ja1;2035;.
BOLIVAR;termocentro_ja1;2040;.
BOLIVAR;termocentro_ja1;2045;.
BOLIVAR;candelaria_fo2;2020;18.07929461
BOLIVAR;candelaria_fo2;2025;17.63360577
BOLIVAR;candelaria_fo2;2030;18.65126712
BOLIVAR;candelaria_fo2;2035;19.35126712
BOLIVAR;candelaria_fo2;2040;20.05126712
BOLIVAR;candelaria_fo2;2045;20.75126712
BOLIVAR;termoyopal_gas;2020;.
BOLIVAR;termoyopal_gas;2025;.
BOLIVAR;termoyopal_gas;2030;.
BOLIVAR;termoyopal_gas;2035;.
BOLIVAR;termoyopal_gas;2040;.
BOLIVAR;termoyopal_gas;2045;.
BOLIVAR;gecelca_car;2020;.
BOLIVAR;gecelca_car;2025;.
BOLIVAR;gecelca_car;2030;.
BOLIVAR;gecelca_car;2035;.
BOLIVAR;gecelca_car;2040;.
BOLIVAR;gecelca_car;2045;.
ATLANTICO;barranquilla_gas;2020;5.912366753
ATLANTICO;barranquilla_gas;2025;8.368309657
ATLANTICO;barranquilla_gas;2030;9.572650992
ATLANTICO;barranquilla_gas;2035;10.47265099
ATLANTICO;barranquilla_gas;2040;11.37265099
ATLANTICO;barranquilla_gas;2045;12.27265099
ATLANTICO;barranquilla_fo6;2020;15.10968936
ATLANTICO;barranquilla_fo6;2025;15.3111471
ATLANTICO;barranquilla_fo6;2030;17.51717619
ATLANTICO;barranquilla_fo6;2035;18.41717619
ATLANTICO;barranquilla_fo6;2040;19.31717619
ATLANTICO;barranquilla_fo6;2045;20.21717619
ATLANTICO;cartagena_gas;2020;.
ATLANTICO;cartagena_gas;2025;.
ATLANTICO;cartagena_gas;2030;.
ATLANTICO;cartagena_gas;2035;.
ATLANTICO;cartagena_gas;2040;.
ATLANTICO;cartagena_gas;2045;.
ATLANTICO;cartagena_fo6;2020;.
ATLANTICO;cartagena_fo6;2025;.
ATLANTICO;cartagena_fo6;2030;.
ATLANTICO;cartagena_fo6;2035;.
ATLANTICO;cartagena_fo6;2040;.
ATLANTICO;cartagena_fo6;2045;.
ATLANTICO;guajira_gas;2020;.
ATLANTICO;guajira_gas;2025;.
ATLANTICO;guajira_gas;2030;.
ATLANTICO;guajira_gas;2035;.
ATLANTICO;guajira_gas;2040;.
ATLANTICO;guajira_gas;2045;.
ATLANTICO;guajira_car;2020;.
ATLANTICO;guajira_car;2025;.
ATLANTICO;guajira_car;2030;.
ATLANTICO;guajira_car;2035;.
ATLANTICO;guajira_car;2040;.
ATLANTICO;guajira_car;2045;.
ATLANTICO;flores_gas;2020;5.921676822
ATLANTICO;flores_gas;2025;8.368219862
ATLANTICO;flores_gas;2030;9.572591134
ATLANTICO;flores_gas;2035;10.47259113
ATLANTICO;flores_gas;2040;11.37259113
ATLANTICO;flores_gas;2045;12.27259113
ATLANTICO;flores_fo2;2020;18.17073789
ATLANTICO;flores_fo2;2025;17.72521917
ATLANTICO;flores_fo2;2030;18.74197181
ATLANTICO;flores_fo2;2035;19.64197181
ATLANTICO;flores_fo2;2040;20.54197181
ATLANTICO;flores_fo2;2045;21.44197181
ATLANTICO;paipa_car;2020;.
ATLANTICO;paipa_car;2025;.
ATLANTICO;paipa_car;2030;.
ATLANTICO;paipa_car;2035;.
ATLANTICO;paipa_car;2040;.
ATLANTICO;paipa_car;2045;.
ATLANTICO;tasajero_car;2020;.
ATLANTICO;tasajero_car;2025;.
ATLANTICO;tasajero_car;2030;.
ATLANTICO;tasajero_car;2035;.
ATLANTICO;tasajero_car;2040;.
ATLANTICO;tasajero_car;2045;.
ATLANTICO;zipa_car;2020;.
ATLANTICO;zipa_car;2025;.
ATLANTICO;zipa_car;2030;.
ATLANTICO;zipa_car;2035;.
ATLANTICO;zipa_car;2040;.
ATLANTICO;zipa_car;2045;.
ATLANTICO;fuel_oil;2020;.
ATLANTICO;fuel_oil;2025;.
ATLANTICO;fuel_oil;2030;.
ATLANTICO;fuel_oil;2035;.
ATLANTICO;fuel_oil;2040;.
ATLANTICO;fuel_oil;2045;.
ATLANTICO;termodorada_gas;2020;.
ATLANTICO;termodorada_gas;2025;.
ATLANTICO;termodorada_gas;2030;.
ATLANTICO;termodorada_gas;2035;.
ATLANTICO;termodorada_gas;2040;.
ATLANTICO;termodorada_gas;2045;.
ATLANTICO;termodorada_fo2;2020;.
ATLANTICO;termodorada_fo2;2025;.
ATLANTICO;termodorada_fo2;2030;.
ATLANTICO;termodorada_fo2;2035;.
ATLANTICO;termodorada_fo2;2040;.
ATLANTICO;termodorada_fo2;2045;.
ATLANTICO;termosierra_gas;2020;.
ATLANTICO;termosierra_gas;2025;.
ATLANTICO;termosierra_gas;2030;.
ATLANTICO;termosierra_gas;2035;.
ATLANTICO;termosierra_gas;2040;.
ATLANTICO;termosierra_gas;2045;.
ATLANTICO;termosierra_fo2;2020;.
ATLANTICO;termosierra_fo2;2025;.
ATLANTICO;termosierra_fo2;2030;.
ATLANTICO;termosierra_fo2;2035;.
ATLANTICO;termosierra_fo2;2040;.
ATLANTICO;termosierra_fo2;2045;.
ATLANTICO;merielectrica_gas;2020;.
ATLANTICO;merielectrica_gas;2025;.
ATLANTICO;merielectrica_gas;2030;.
ATLANTICO;merielectrica_gas;2035;.
ATLANTICO;merielectrica_gas;2040;.
ATLANTICO;merielectrica_gas;2045;.
ATLANTICO;NONE  ;2020;0
ATLANTICO;NONE  ;2025;0
ATLANTICO;NONE  ;2030;0
ATLANTICO;NONE  ;2035;0
ATLANTICO;NONE  ;2040;0
ATLANTICO;NONE  ;2045;0
ATLANTICO;termovalle_gas;2020;.
ATLANTICO;termovalle_gas;2025;.
ATLANTICO;termovalle_gas;2030;.
ATLANTICO;termovalle_gas;2035;.
ATLANTICO;termovalle_gas;2040;.
ATLANTICO;termovalle_gas;2045;.
ATLANTICO;termovalle_cmp2;2020;.
ATLANTICO;termovalle_cmp2;2025;.
ATLANTICO;termovalle_cmp2;2030;.
ATLANTICO;termovalle_cmp2;2035;.
ATLANTICO;termovalle_cmp2;2040;.
ATLANTICO;termovalle_cmp2;2045;.
ATLANTICO;termocentro_gas;2020;.
ATLANTICO;termocentro_gas;2025;.
ATLANTICO;termocentro_gas;2030;.
ATLANTICO;termocentro_gas;2035;.
ATLANTICO;termocentro_gas;2040;.
ATLANTICO;termocentro_gas;2045;.
ATLANTICO;termocentro_ja1;2020;.
ATLANTICO;termocentro_ja1;2025;.
ATLANTICO;termocentro_ja1;2030;.
ATLANTICO;termocentro_ja1;2035;.
ATLANTICO;termocentro_ja1;2040;.
ATLANTICO;termocentro_ja1;2045;.
ATLANTICO;candelaria_fo2;2020;.
ATLANTICO;candelaria_fo2;2025;.
ATLANTICO;candelaria_fo2;2030;.
ATLANTICO;candelaria_fo2;2035;.
ATLANTICO;candelaria_fo2;2040;.
ATLANTICO;candelaria_fo2;2045;.
ATLANTICO;termoyopal_gas;2020;.
ATLANTICO;termoyopal_gas;2025;.
ATLANTICO;termoyopal_gas;2030;.
ATLANTICO;termoyopal_gas;2035;.
ATLANTICO;termoyopal_gas;2040;.
ATLANTICO;termoyopal_gas;2045;.
ATLANTICO;gecelca_car;2020;.
ATLANTICO;gecelca_car;2025;.
ATLANTICO;gecelca_car;2030;.
ATLANTICO;gecelca_car;2035;.
ATLANTICO;gecelca_car;2040;.
ATLANTICO;gecelca_car;2045;.
COR-SUC;barranquilla_gas;2020;.
COR-SUC;barranquilla_gas;2025;.
COR-SUC;barranquilla_gas;2030;.
COR-SUC;barranquilla_gas;2035;.
COR-SUC;barranquilla_gas;2040;.
COR-SUC;barranquilla_gas;2045;.
COR-SUC;barranquilla_fo6;2020;.
COR-SUC;barranquilla_fo6;2025;.
COR-SUC;barranquilla_fo6;2030;.
COR-SUC;barranquilla_fo6;2035;.
COR-SUC;barranquilla_fo6;2040;.
COR-SUC;barranquilla_fo6;2045;.
COR-SUC;cartagena_gas;2020;.
COR-SUC;cartagena_gas;2025;.
COR-SUC;cartagena_gas;2030;.
COR-SUC;cartagena_gas;2035;.
COR-SUC;cartagena_gas;2040;.
COR-SUC;cartagena_gas;2045;.
COR-SUC;cartagena_fo6;2020;.
COR-SUC;cartagena_fo6;2025;.
COR-SUC;cartagena_fo6;2030;.
COR-SUC;cartagena_fo6;2035;.
COR-SUC;cartagena_fo6;2040;.
COR-SUC;cartagena_fo6;2045;.
COR-SUC;guajira_gas;2020;.
COR-SUC;guajira_gas;2025;.
COR-SUC;guajira_gas;2030;.
COR-SUC;guajira_gas;2035;.
COR-SUC;guajira_gas;2040;.
COR-SUC;guajira_gas;2045;.
COR-SUC;guajira_car;2020;.
COR-SUC;guajira_car;2025;.
COR-SUC;guajira_car;2030;.
COR-SUC;guajira_car;2035;.
COR-SUC;guajira_car;2040;.
COR-SUC;guajira_car;2045;.
COR-SUC;flores_gas;2020;.
COR-SUC;flores_gas;2025;.
COR-SUC;flores_gas;2030;.
COR-SUC;flores_gas;2035;.
COR-SUC;flores_gas;2040;.
COR-SUC;flores_gas;2045;.
COR-SUC;flores_fo2;2020;.
COR-SUC;flores_fo2;2025;.
COR-SUC;flores_fo2;2030;.
COR-SUC;flores_fo2;2035;.
COR-SUC;flores_fo2;2040;.
COR-SUC;flores_fo2;2045;.
COR-SUC;paipa_car;2020;.
COR-SUC;paipa_car;2025;.
COR-SUC;paipa_car;2030;.
COR-SUC;paipa_car;2035;.
COR-SUC;paipa_car;2040;.
COR-SUC;paipa_car;2045;.
COR-SUC;tasajero_car;2020;.
COR-SUC;tasajero_car;2025;.
COR-SUC;tasajero_car;2030;.
COR-SUC;tasajero_car;2035;.
COR-SUC;tasajero_car;2040;.
COR-SUC;tasajero_car;2045;.
COR-SUC;zipa_car;2020;.
COR-SUC;zipa_car;2025;.
COR-SUC;zipa_car;2030;.
COR-SUC;zipa_car;2035;.
COR-SUC;zipa_car;2040;.
COR-SUC;zipa_car;2045;.
COR-SUC;fuel_oil;2020;.
COR-SUC;fuel_oil;2025;.
COR-SUC;fuel_oil;2030;.
COR-SUC;fuel_oil;2035;.
COR-SUC;fuel_oil;2040;.
COR-SUC;fuel_oil;2045;.
COR-SUC;termodorada_gas;2020;.
COR-SUC;termodorada_gas;2025;.
COR-SUC;termodorada_gas;2030;.
COR-SUC;termodorada_gas;2035;.
COR-SUC;termodorada_gas;2040;.
COR-SUC;termodorada_gas;2045;.
COR-SUC;termodorada_fo2;2020;.
COR-SUC;termodorada_fo2;2025;.
COR-SUC;termodorada_fo2;2030;.
COR-SUC;termodorada_fo2;2035;.
COR-SUC;termodorada_fo2;2040;.
COR-SUC;termodorada_fo2;2045;.
COR-SUC;termosierra_gas;2020;.
COR-SUC;termosierra_gas;2025;.
COR-SUC;termosierra_gas;2030;.
COR-SUC;termosierra_gas;2035;.
COR-SUC;termosierra_gas;2040;.
COR-SUC;termosierra_gas;2045;.
COR-SUC;termosierra_fo2;2020;.
COR-SUC;termosierra_fo2;2025;.
COR-SUC;termosierra_fo2;2030;.
COR-SUC;termosierra_fo2;2035;.
COR-SUC;termosierra_fo2;2040;.
COR-SUC;termosierra_fo2;2045;.
COR-SUC;merielectrica_gas;2020;.
COR-SUC;merielectrica_gas;2025;.
COR-SUC;merielectrica_gas;2030;.
COR-SUC;merielectrica_gas;2035;.
COR-SUC;merielectrica_gas;2040;.
COR-SUC;merielectrica_gas;2045;.
COR-SUC;NONE  ;2020;.
COR-SUC;NONE  ;2025;.
COR-SUC;NONE  ;2030;.
COR-SUC;NONE  ;2035;.
COR-SUC;NONE  ;2040;.
COR-SUC;NONE  ;2045;.
COR-SUC;termovalle_gas;2020;.
COR-SUC;termovalle_gas;2025;.
COR-SUC;termovalle_gas;2030;.
COR-SUC;termovalle_gas;2035;.
COR-SUC;termovalle_gas;2040;.
COR-SUC;termovalle_gas;2045;.
COR-SUC;termovalle_cmp2;2020;.
COR-SUC;termovalle_cmp2;2025;.
COR-SUC;termovalle_cmp2;2030;.
COR-SUC;termovalle_cmp2;2035;.
COR-SUC;termovalle_cmp2;2040;.
COR-SUC;termovalle_cmp2;2045;.
COR-SUC;termocentro_gas;2020;.
COR-SUC;termocentro_gas;2025;.
COR-SUC;termocentro_gas;2030;.
COR-SUC;termocentro_gas;2035;.
COR-SUC;termocentro_gas;2040;.
COR-SUC;termocentro_gas;2045;.
COR-SUC;termocentro_ja1;2020;.
COR-SUC;termocentro_ja1;2025;.
COR-SUC;termocentro_ja1;2030;.
COR-SUC;termocentro_ja1;2035;.
COR-SUC;termocentro_ja1;2040;.
COR-SUC;termocentro_ja1;2045;.
COR-SUC;candelaria_fo2;2020;.
COR-SUC;candelaria_fo2;2025;.
COR-SUC;candelaria_fo2;2030;.
COR-SUC;candelaria_fo2;2035;.
COR-SUC;candelaria_fo2;2040;.
COR-SUC;candelaria_fo2;2045;.
COR-SUC;termoyopal_gas;2020;.
COR-SUC;termoyopal_gas;2025;.
COR-SUC;termoyopal_gas;2030;.
COR-SUC;termoyopal_gas;2035;.
COR-SUC;termoyopal_gas;2040;.
COR-SUC;termoyopal_gas;2045;.
COR-SUC;gecelca_car;2020;3.172881356
COR-SUC;gecelca_car;2025;3.579016393
COR-SUC;gecelca_car;2030;3.781428571
COR-SUC;gecelca_car;2035;4.011428571
COR-SUC;gecelca_car;2040;4.241428571
COR-SUC;gecelca_car;2045;4.471428571
GCM;barranquilla_gas;2020;.
GCM;barranquilla_gas;2025;.
GCM;barranquilla_gas;2030;.
GCM;barranquilla_gas;2035;.
GCM;barranquilla_gas;2040;.
GCM;barranquilla_gas;2045;.
GCM;barranquilla_fo6;2020;.
GCM;barranquilla_fo6;2025;.
GCM;barranquilla_fo6;2030;.
GCM;barranquilla_fo6;2035;.
GCM;barranquilla_fo6;2040;.
GCM;barranquilla_fo6;2045;.
GCM;cartagena_gas;2020;.
GCM;cartagena_gas;2025;.
GCM;cartagena_gas;2030;.
GCM;cartagena_gas;2035;.
GCM;cartagena_gas;2040;.
GCM;cartagena_gas;2045;.
GCM;cartagena_fo6;2020;.
GCM;cartagena_fo6;2025;.
GCM;cartagena_fo6;2030;.
GCM;cartagena_fo6;2035;.
GCM;cartagena_fo6;2040;.
GCM;cartagena_fo6;2045;.
GCM;guajira_gas;2020;6.061186441
GCM;guajira_gas;2025;8.684590164
GCM;guajira_gas;2030;9.888571429
GCM;guajira_gas;2035;10.90857143
GCM;guajira_gas;2040;11.92857143
GCM;guajira_gas;2045;12.94857143
GCM;guajira_car;2020;1.721016949
GCM;guajira_car;2025;1.909508197
GCM;guajira_car;2030;2.014761905
GCM;guajira_car;2035;2.134761905
GCM;guajira_car;2040;2.254761905
GCM;guajira_car;2045;2.374761905
GCM;flores_gas;2020;.
GCM;flores_gas;2025;.
GCM;flores_gas;2030;.
GCM;flores_gas;2035;.
GCM;flores_gas;2040;.
GCM;flores_gas;2045;.
GCM;flores_fo2;2020;18.17073789
GCM;flores_fo2;2025;17.72521917
GCM;flores_fo2;2030;18.74197181
GCM;flores_fo2;2035;18.94197181
GCM;flores_fo2;2040;19.14197181
GCM;flores_fo2;2045;19.34197181
GCM;paipa_car;2020;.
GCM;paipa_car;2025;.
GCM;paipa_car;2030;.
GCM;paipa_car;2035;.
GCM;paipa_car;2040;.
GCM;paipa_car;2045;.
GCM;tasajero_car;2020;.
GCM;tasajero_car;2025;.
GCM;tasajero_car;2030;.
GCM;tasajero_car;2035;.
GCM;tasajero_car;2040;.
GCM;tasajero_car;2045;.
GCM;zipa_car;2020;.
GCM;zipa_car;2025;.
GCM;zipa_car;2030;.
GCM;zipa_car;2035;.
GCM;zipa_car;2040;.
GCM;zipa_car;2045;.
GCM;fuel_oil;2020;.
GCM;fuel_oil;2025;.
GCM;fuel_oil;2030;.
GCM;fuel_oil;2035;.
GCM;fuel_oil;2040;.
GCM;fuel_oil;2045;.
GCM;termodorada_gas;2020;.
GCM;termodorada_gas;2025;.
GCM;termodorada_gas;2030;.
GCM;termodorada_gas;2035;.
GCM;termodorada_gas;2040;.
GCM;termodorada_gas;2045;.
GCM;termodorada_fo2;2020;.
GCM;termodorada_fo2;2025;.
GCM;termodorada_fo2;2030;.
GCM;termodorada_fo2;2035;.
GCM;termodorada_fo2;2040;.
GCM;termodorada_fo2;2045;.
GCM;termosierra_gas;2020;.
GCM;termosierra_gas;2025;.
GCM;termosierra_gas;2030;.
GCM;termosierra_gas;2035;.
GCM;termosierra_gas;2040;.
GCM;termosierra_gas;2045;.
GCM;termosierra_fo2;2020;.
GCM;termosierra_fo2;2025;.
GCM;termosierra_fo2;2030;.
GCM;termosierra_fo2;2035;.
GCM;termosierra_fo2;2040;.
GCM;termosierra_fo2;2045;.
GCM;merielectrica_gas;2020;.
GCM;merielectrica_gas;2025;.
GCM;merielectrica_gas;2030;.
GCM;merielectrica_gas;2035;.
GCM;merielectrica_gas;2040;.
GCM;merielectrica_gas;2045;.
GCM;NONE  ;2020;0
GCM;NONE  ;2025;0
GCM;NONE  ;2030;0
GCM;NONE  ;2035;0
GCM;NONE  ;2040;0
GCM;NONE  ;2045;0
GCM;termovalle_gas;2020;.
GCM;termovalle_gas;2025;.
GCM;termovalle_gas;2030;.
GCM;termovalle_gas;2035;.
GCM;termovalle_gas;2040;.
GCM;termovalle_gas;2045;.
GCM;termovalle_cmp2;2020;.
GCM;termovalle_cmp2;2025;.
GCM;termovalle_cmp2;2030;.
GCM;termovalle_cmp2;2035;.
GCM;termovalle_cmp2;2040;.
GCM;termovalle_cmp2;2045;.
GCM;termocentro_gas;2020;.
GCM;termocentro_gas;2025;.
GCM;termocentro_gas;2030;.
GCM;termocentro_gas;2035;.
GCM;termocentro_gas;2040;.
GCM;termocentro_gas;2045;.
GCM;termocentro_ja1;2020;.
GCM;termocentro_ja1;2025;.
GCM;termocentro_ja1;2030;.
GCM;termocentro_ja1;2035;.
GCM;termocentro_ja1;2040;.
GCM;termocentro_ja1;2045;.
GCM;candelaria_fo2;2020;.
GCM;candelaria_fo2;2025;.
GCM;candelaria_fo2;2030;.
GCM;candelaria_fo2;2035;.
GCM;candelaria_fo2;2040;.
GCM;candelaria_fo2;2045;.
GCM;termoyopal_gas;2020;.
GCM;termoyopal_gas;2025;.
GCM;termoyopal_gas;2030;.
GCM;termoyopal_gas;2035;.
GCM;termoyopal_gas;2040;.
GCM;termoyopal_gas;2045;.
GCM;gecelca_car;2020;.
GCM;gecelca_car;2025;.
GCM;gecelca_car;2030;.
GCM;gecelca_car;2035;.
GCM;gecelca_car;2040;.
GCM;gecelca_car;2045;.
NSANT;barranquilla_gas;2020;.
NSANT;barranquilla_gas;2025;.
NSANT;barranquilla_gas;2030;.
NSANT;barranquilla_gas;2035;.
NSANT;barranquilla_gas;2040;.
NSANT;barranquilla_gas;2045;.
NSANT;barranquilla_fo6;2020;.
NSANT;barranquilla_fo6;2025;.
NSANT;barranquilla_fo6;2030;.
NSANT;barranquilla_fo6;2035;.
NSANT;barranquilla_fo6;2040;.
NSANT;barranquilla_fo6;2045;.
NSANT;cartagena_gas;2020;.
NSANT;cartagena_gas;2025;.
NSANT;cartagena_gas;2030;.
NSANT;cartagena_gas;2035;.
NSANT;cartagena_gas;2040;.
NSANT;cartagena_gas;2045;.
NSANT;cartagena_fo6;2020;.
NSANT;cartagena_fo6;2025;.
NSANT;cartagena_fo6;2030;.
NSANT;cartagena_fo6;2035;.
NSANT;cartagena_fo6;2040;.
NSANT;cartagena_fo6;2045;.
NSANT;guajira_gas;2020;.
NSANT;guajira_gas;2025;.
NSANT;guajira_gas;2030;.
NSANT;guajira_gas;2035;.
NSANT;guajira_gas;2040;.
NSANT;guajira_gas;2045;.
NSANT;guajira_car;2020;.
NSANT;guajira_car;2025;.
NSANT;guajira_car;2030;.
NSANT;guajira_car;2035;.
NSANT;guajira_car;2040;.
NSANT;guajira_car;2045;.
NSANT;flores_gas;2020;.
NSANT;flores_gas;2025;.
NSANT;flores_gas;2030;.
NSANT;flores_gas;2035;.
NSANT;flores_gas;2040;.
NSANT;flores_gas;2045;.
NSANT;flores_fo2;2020;.
NSANT;flores_fo2;2025;.
NSANT;flores_fo2;2030;.
NSANT;flores_fo2;2035;.
NSANT;flores_fo2;2040;.
NSANT;flores_fo2;2045;.
NSANT;paipa_car;2020;.
NSANT;paipa_car;2025;.
NSANT;paipa_car;2030;.
NSANT;paipa_car;2035;.
NSANT;paipa_car;2040;.
NSANT;paipa_car;2045;.
NSANT;tasajero_car;2020;1.299855348
NSANT;tasajero_car;2025;1.444929827
NSANT;tasajero_car;2030;1.527829174
NSANT;tasajero_car;2035;1.627829174
NSANT;tasajero_car;2040;1.727829174
NSANT;tasajero_car;2045;1.827829174
NSANT;zipa_car;2020;.
NSANT;zipa_car;2025;.
NSANT;zipa_car;2030;.
NSANT;zipa_car;2035;.
NSANT;zipa_car;2040;.
NSANT;zipa_car;2045;.
NSANT;fuel_oil;2020;.
NSANT;fuel_oil;2025;.
NSANT;fuel_oil;2030;.
NSANT;fuel_oil;2035;.
NSANT;fuel_oil;2040;.
NSANT;fuel_oil;2045;.
NSANT;termodorada_gas;2020;.
NSANT;termodorada_gas;2025;.
NSANT;termodorada_gas;2030;.
NSANT;termodorada_gas;2035;.
NSANT;termodorada_gas;2040;.
NSANT;termodorada_gas;2045;.
NSANT;termodorada_fo2;2020;.
NSANT;termodorada_fo2;2025;.
NSANT;termodorada_fo2;2030;.
NSANT;termodorada_fo2;2035;.
NSANT;termodorada_fo2;2040;.
NSANT;termodorada_fo2;2045;.
NSANT;termosierra_gas;2020;.
NSANT;termosierra_gas;2025;.
NSANT;termosierra_gas;2030;.
NSANT;termosierra_gas;2035;.
NSANT;termosierra_gas;2040;.
NSANT;termosierra_gas;2045;.
NSANT;termosierra_fo2;2020;.
NSANT;termosierra_fo2;2025;.
NSANT;termosierra_fo2;2030;.
NSANT;termosierra_fo2;2035;.
NSANT;termosierra_fo2;2040;.
NSANT;termosierra_fo2;2045;.
NSANT;merielectrica_gas;2020;.
NSANT;merielectrica_gas;2025;.
NSANT;merielectrica_gas;2030;.
NSANT;merielectrica_gas;2035;.
NSANT;merielectrica_gas;2040;.
NSANT;merielectrica_gas;2045;.
NSANT;NONE  ;2020;.
NSANT;NONE  ;2025;.
NSANT;NONE  ;2030;.
NSANT;NONE  ;2035;.
NSANT;NONE  ;2040;.
NSANT;NONE  ;2045;.
NSANT;termovalle_gas;2020;.
NSANT;termovalle_gas;2025;.
NSANT;termovalle_gas;2030;.
NSANT;termovalle_gas;2035;.
NSANT;termovalle_gas;2040;.
NSANT;termovalle_gas;2045;.
NSANT;termovalle_cmp2;2020;.
NSANT;termovalle_cmp2;2025;.
NSANT;termovalle_cmp2;2030;.
NSANT;termovalle_cmp2;2035;.
NSANT;termovalle_cmp2;2040;.
NSANT;termovalle_cmp2;2045;.
NSANT;termocentro_gas;2020;.
NSANT;termocentro_gas;2025;.
NSANT;termocentro_gas;2030;.
NSANT;termocentro_gas;2035;.
NSANT;termocentro_gas;2040;.
NSANT;termocentro_gas;2045;.
NSANT;termocentro_ja1;2020;.
NSANT;termocentro_ja1;2025;.
NSANT;termocentro_ja1;2030;.
NSANT;termocentro_ja1;2035;.
NSANT;termocentro_ja1;2040;.
NSANT;termocentro_ja1;2045;.
NSANT;candelaria_fo2;2020;.
NSANT;candelaria_fo2;2025;.
NSANT;candelaria_fo2;2030;.
NSANT;candelaria_fo2;2035;.
NSANT;candelaria_fo2;2040;.
NSANT;candelaria_fo2;2045;.
NSANT;termoyopal_gas;2020;.
NSANT;termoyopal_gas;2025;.
NSANT;termoyopal_gas;2030;.
NSANT;termoyopal_gas;2035;.
NSANT;termoyopal_gas;2040;.
NSANT;termoyopal_gas;2045;.
NSANT;gecelca_car;2020;.
NSANT;gecelca_car;2025;.
NSANT;gecelca_car;2030;.
NSANT;gecelca_car;2035;.
NSANT;gecelca_car;2040;.
NSANT;gecelca_car;2045;.
BOY-CAS;barranquilla_gas;2020;5.912366753
BOY-CAS;barranquilla_gas;2025;8.368309657
BOY-CAS;barranquilla_gas;2030;9.572650992
BOY-CAS;barranquilla_gas;2035;10.47265099
BOY-CAS;barranquilla_gas;2040;11.37265099
BOY-CAS;barranquilla_gas;2045;12.27265099
BOY-CAS;barranquilla_fo6;2020;.
BOY-CAS;barranquilla_fo6;2025;.
BOY-CAS;barranquilla_fo6;2030;.
BOY-CAS;barranquilla_fo6;2035;.
BOY-CAS;barranquilla_fo6;2040;.
BOY-CAS;barranquilla_fo6;2045;.
BOY-CAS;cartagena_gas;2020;.
BOY-CAS;cartagena_gas;2025;.
BOY-CAS;cartagena_gas;2030;.
BOY-CAS;cartagena_gas;2035;.
BOY-CAS;cartagena_gas;2040;.
BOY-CAS;cartagena_gas;2045;.
BOY-CAS;cartagena_fo6;2020;.
BOY-CAS;cartagena_fo6;2025;.
BOY-CAS;cartagena_fo6;2030;.
BOY-CAS;cartagena_fo6;2035;.
BOY-CAS;cartagena_fo6;2040;.
BOY-CAS;cartagena_fo6;2045;.
BOY-CAS;guajira_gas;2020;.
BOY-CAS;guajira_gas;2025;.
BOY-CAS;guajira_gas;2030;.
BOY-CAS;guajira_gas;2035;.
BOY-CAS;guajira_gas;2040;.
BOY-CAS;guajira_gas;2045;.
BOY-CAS;guajira_car;2020;.
BOY-CAS;guajira_car;2025;.
BOY-CAS;guajira_car;2030;.
BOY-CAS;guajira_car;2035;.
BOY-CAS;guajira_car;2040;.
BOY-CAS;guajira_car;2045;.
BOY-CAS;flores_gas;2020;.
BOY-CAS;flores_gas;2025;.
BOY-CAS;flores_gas;2030;.
BOY-CAS;flores_gas;2035;.
BOY-CAS;flores_gas;2040;.
BOY-CAS;flores_gas;2045;.
BOY-CAS;flores_fo2;2020;.
BOY-CAS;flores_fo2;2025;.
BOY-CAS;flores_fo2;2030;.
BOY-CAS;flores_fo2;2035;.
BOY-CAS;flores_fo2;2040;.
BOY-CAS;flores_fo2;2045;.
BOY-CAS;paipa_car;2020;.
BOY-CAS;paipa_car;2025;1.31
BOY-CAS;paipa_car;2030;1.453770492
BOY-CAS;paipa_car;2035;1.533333333
BOY-CAS;paipa_car;2040;1.643333333
BOY-CAS;paipa_car;2045;1.753333333
BOY-CAS;tasajero_car;2020;1.863333333
BOY-CAS;tasajero_car;2025;.
BOY-CAS;tasajero_car;2030;.
BOY-CAS;tasajero_car;2035;.
BOY-CAS;tasajero_car;2040;.
BOY-CAS;tasajero_car;2045;.
BOY-CAS;zipa_car;2020;.
BOY-CAS;zipa_car;2025;.
BOY-CAS;zipa_car;2030;.
BOY-CAS;zipa_car;2035;.
BOY-CAS;zipa_car;2040;.
BOY-CAS;zipa_car;2045;.
BOY-CAS;fuel_oil;2020;.
BOY-CAS;fuel_oil;2025;.
BOY-CAS;fuel_oil;2030;.
BOY-CAS;fuel_oil;2035;.
BOY-CAS;fuel_oil;2040;.
BOY-CAS;fuel_oil;2045;.
BOY-CAS;termodorada_gas;2020;.
BOY-CAS;termodorada_gas;2025;.
BOY-CAS;termodorada_gas;2030;.
BOY-CAS;termodorada_gas;2035;.
BOY-CAS;termodorada_gas;2040;.
BOY-CAS;termodorada_gas;2045;.
BOY-CAS;termodorada_fo2;2020;.
BOY-CAS;termodorada_fo2;2025;.
BOY-CAS;termodorada_fo2;2030;.
BOY-CAS;termodorada_fo2;2035;.
BOY-CAS;termodorada_fo2;2040;.
BOY-CAS;termodorada_fo2;2045;.
BOY-CAS;termosierra_gas;2020;.
BOY-CAS;termosierra_gas;2025;.
BOY-CAS;termosierra_gas;2030;.
BOY-CAS;termosierra_gas;2035;.
BOY-CAS;termosierra_gas;2040;.
BOY-CAS;termosierra_gas;2045;.
BOY-CAS;termosierra_fo2;2020;.
BOY-CAS;termosierra_fo2;2025;.
BOY-CAS;termosierra_fo2;2030;.
BOY-CAS;termosierra_fo2;2035;.
BOY-CAS;termosierra_fo2;2040;.
BOY-CAS;termosierra_fo2;2045;.
BOY-CAS;merielectrica_gas;2020;.
BOY-CAS;merielectrica_gas;2025;.
BOY-CAS;merielectrica_gas;2030;.
BOY-CAS;merielectrica_gas;2035;.
BOY-CAS;merielectrica_gas;2040;.
BOY-CAS;merielectrica_gas;2045;.
BOY-CAS;NONE  ;2020;.
BOY-CAS;NONE  ;2025;.
BOY-CAS;NONE  ;2030;.
BOY-CAS;NONE  ;2035;.
BOY-CAS;NONE  ;2040;.
BOY-CAS;NONE  ;2045;.
BOY-CAS;termovalle_gas;2020;.
BOY-CAS;termovalle_gas;2025;.
BOY-CAS;termovalle_gas;2030;.
BOY-CAS;termovalle_gas;2035;.
BOY-CAS;termovalle_gas;2040;.
BOY-CAS;termovalle_gas;2045;.
BOY-CAS;termovalle_cmp2;2020;.
BOY-CAS;termovalle_cmp2;2025;.
BOY-CAS;termovalle_cmp2;2030;.
BOY-CAS;termovalle_cmp2;2035;.
BOY-CAS;termovalle_cmp2;2040;.
BOY-CAS;termovalle_cmp2;2045;.
BOY-CAS;termocentro_gas;2020;.
BOY-CAS;termocentro_gas;2025;.
BOY-CAS;termocentro_gas;2030;.
BOY-CAS;termocentro_gas;2035;.
BOY-CAS;termocentro_gas;2040;.
BOY-CAS;termocentro_gas;2045;.
BOY-CAS;termocentro_ja1;2020;.
BOY-CAS;termocentro_ja1;2025;.
BOY-CAS;termocentro_ja1;2030;.
BOY-CAS;termocentro_ja1;2035;.
BOY-CAS;termocentro_ja1;2040;.
BOY-CAS;termocentro_ja1;2045;.
BOY-CAS;candelaria_fo2;2020;.
BOY-CAS;candelaria_fo2;2025;.
BOY-CAS;candelaria_fo2;2030;.
BOY-CAS;candelaria_fo2;2035;.
BOY-CAS;candelaria_fo2;2040;.
BOY-CAS;candelaria_fo2;2045;.
BOY-CAS;termoyopal_gas;2020;3.979525424
BOY-CAS;termoyopal_gas;2025;6.391016393
BOY-CAS;termoyopal_gas;2030;8.351095238
BOY-CAS;termoyopal_gas;2035;10.15109524
BOY-CAS;termoyopal_gas;2040;11.95109524
BOY-CAS;termoyopal_gas;2045;13.75109524
BOY-CAS;gecelca_car;2020;.
BOY-CAS;gecelca_car;2025;.
BOY-CAS;gecelca_car;2030;.
BOY-CAS;gecelca_car;2035;.
BOY-CAS;gecelca_car;2040;.
BOY-CAS;gecelca_car;2045;.
SANT-ARA;barranquilla_gas;2020;.
SANT-ARA;barranquilla_gas;2025;.
SANT-ARA;barranquilla_gas;2030;.
SANT-ARA;barranquilla_gas;2035;.
SANT-ARA;barranquilla_gas;2040;.
SANT-ARA;barranquilla_gas;2045;.
SANT-ARA;barranquilla_fo6;2020;.
SANT-ARA;barranquilla_fo6;2025;.
SANT-ARA;barranquilla_fo6;2030;.
SANT-ARA;barranquilla_fo6;2035;.
SANT-ARA;barranquilla_fo6;2040;.
SANT-ARA;barranquilla_fo6;2045;.
SANT-ARA;cartagena_gas;2020;.
SANT-ARA;cartagena_gas;2025;.
SANT-ARA;cartagena_gas;2030;.
SANT-ARA;cartagena_gas;2035;.
SANT-ARA;cartagena_gas;2040;.
SANT-ARA;cartagena_gas;2045;.
SANT-ARA;cartagena_fo6;2020;.
SANT-ARA;cartagena_fo6;2025;.
SANT-ARA;cartagena_fo6;2030;.
SANT-ARA;cartagena_fo6;2035;.
SANT-ARA;cartagena_fo6;2040;.
SANT-ARA;cartagena_fo6;2045;.
SANT-ARA;guajira_gas;2020;.
SANT-ARA;guajira_gas;2025;.
SANT-ARA;guajira_gas;2030;.
SANT-ARA;guajira_gas;2035;.
SANT-ARA;guajira_gas;2040;.
SANT-ARA;guajira_gas;2045;.
SANT-ARA;guajira_car;2020;.
SANT-ARA;guajira_car;2025;.
SANT-ARA;guajira_car;2030;.
SANT-ARA;guajira_car;2035;.
SANT-ARA;guajira_car;2040;.
SANT-ARA;guajira_car;2045;.
SANT-ARA;flores_gas;2020;.
SANT-ARA;flores_gas;2025;.
SANT-ARA;flores_gas;2030;.
SANT-ARA;flores_gas;2035;.
SANT-ARA;flores_gas;2040;.
SANT-ARA;flores_gas;2045;.
SANT-ARA;flores_fo2;2020;.
SANT-ARA;flores_fo2;2025;.
SANT-ARA;flores_fo2;2030;.
SANT-ARA;flores_fo2;2035;.
SANT-ARA;flores_fo2;2040;.
SANT-ARA;flores_fo2;2045;.
SANT-ARA;paipa_car;2020;.
SANT-ARA;paipa_car;2025;.
SANT-ARA;paipa_car;2030;.
SANT-ARA;paipa_car;2035;.
SANT-ARA;paipa_car;2040;.
SANT-ARA;paipa_car;2045;.
SANT-ARA;tasajero_car;2020;.
SANT-ARA;tasajero_car;2025;.
SANT-ARA;tasajero_car;2030;.
SANT-ARA;tasajero_car;2035;.
SANT-ARA;tasajero_car;2040;.
SANT-ARA;tasajero_car;2045;.
SANT-ARA;zipa_car;2020;.
SANT-ARA;zipa_car;2025;.
SANT-ARA;zipa_car;2030;.
SANT-ARA;zipa_car;2035;.
SANT-ARA;zipa_car;2040;.
SANT-ARA;zipa_car;2045;.
SANT-ARA;fuel_oil;2020;.
SANT-ARA;fuel_oil;2025;.
SANT-ARA;fuel_oil;2030;.
SANT-ARA;fuel_oil;2035;.
SANT-ARA;fuel_oil;2040;.
SANT-ARA;fuel_oil;2045;.
SANT-ARA;termodorada_gas;2020;.
SANT-ARA;termodorada_gas;2025;.
SANT-ARA;termodorada_gas;2030;.
SANT-ARA;termodorada_gas;2035;.
SANT-ARA;termodorada_gas;2040;.
SANT-ARA;termodorada_gas;2045;.
SANT-ARA;termodorada_fo2;2020;.
SANT-ARA;termodorada_fo2;2025;.
SANT-ARA;termodorada_fo2;2030;.
SANT-ARA;termodorada_fo2;2035;.
SANT-ARA;termodorada_fo2;2040;.
SANT-ARA;termodorada_fo2;2045;.
SANT-ARA;termosierra_gas;2020;.
SANT-ARA;termosierra_gas;2025;.
SANT-ARA;termosierra_gas;2030;.
SANT-ARA;termosierra_gas;2035;.
SANT-ARA;termosierra_gas;2040;.
SANT-ARA;termosierra_gas;2045;.
SANT-ARA;termosierra_fo2;2020;.
SANT-ARA;termosierra_fo2;2025;.
SANT-ARA;termosierra_fo2;2030;.
SANT-ARA;termosierra_fo2;2035;.
SANT-ARA;termosierra_fo2;2040;.
SANT-ARA;termosierra_fo2;2045;.
SANT-ARA;merielectrica_gas;2020;7.395250867
SANT-ARA;merielectrica_gas;2025;10.44448586
SANT-ARA;merielectrica_gas;2030;11.63990466
SANT-ARA;merielectrica_gas;2035;12.73990466
SANT-ARA;merielectrica_gas;2040;13.83990466
SANT-ARA;merielectrica_gas;2045;14.93990466
SANT-ARA;NONE  ;2020;0
SANT-ARA;NONE  ;2025;0
SANT-ARA;NONE  ;2030;0
SANT-ARA;NONE  ;2035;0
SANT-ARA;NONE  ;2040;0
SANT-ARA;NONE  ;2045;0
SANT-ARA;termovalle_gas;2020;.
SANT-ARA;termovalle_gas;2025;.
SANT-ARA;termovalle_gas;2030;.
SANT-ARA;termovalle_gas;2035;.
SANT-ARA;termovalle_gas;2040;.
SANT-ARA;termovalle_gas;2045;.
SANT-ARA;termovalle_cmp2;2020;.
SANT-ARA;termovalle_cmp2;2025;.
SANT-ARA;termovalle_cmp2;2030;.
SANT-ARA;termovalle_cmp2;2035;.
SANT-ARA;termovalle_cmp2;2040;.
SANT-ARA;termovalle_cmp2;2045;.
SANT-ARA;termocentro_gas;2020;8.126558633
SANT-ARA;termocentro_gas;2025;10.90651605
SANT-ARA;termocentro_gas;2030;12.17946161
SANT-ARA;termocentro_gas;2035;13.27946161
SANT-ARA;termocentro_gas;2040;14.37946161
SANT-ARA;termocentro_gas;2045;15.47946161
SANT-ARA;termocentro_ja1;2020;21.68740962
SANT-ARA;termocentro_ja1;2025;21.9836488
SANT-ARA;termocentro_ja1;2030;25.19287805
SANT-ARA;termocentro_ja1;2035;25.69287805
SANT-ARA;termocentro_ja1;2040;26.19287805
SANT-ARA;termocentro_ja1;2045;26.69287805
SANT-ARA;candelaria_fo2;2020;.
SANT-ARA;candelaria_fo2;2025;.
SANT-ARA;candelaria_fo2;2030;.
SANT-ARA;candelaria_fo2;2035;.
SANT-ARA;candelaria_fo2;2040;.
SANT-ARA;candelaria_fo2;2045;.
SANT-ARA;termoyopal_gas;2020;.
SANT-ARA;termoyopal_gas;2025;.
SANT-ARA;termoyopal_gas;2030;.
SANT-ARA;termoyopal_gas;2035;.
SANT-ARA;termoyopal_gas;2040;.
SANT-ARA;termoyopal_gas;2045;.
SANT-ARA;gecelca_car;2020;.
SANT-ARA;gecelca_car;2025;.
SANT-ARA;gecelca_car;2030;.
SANT-ARA;gecelca_car;2035;.
SANT-ARA;gecelca_car;2040;.
SANT-ARA;gecelca_car;2045;.
MET-GUAV;barranquilla_gas;2020;.
MET-GUAV;barranquilla_gas;2025;.
MET-GUAV;barranquilla_gas;2030;.
MET-GUAV;barranquilla_gas;2035;.
MET-GUAV;barranquilla_gas;2040;.
MET-GUAV;barranquilla_gas;2045;.
MET-GUAV;barranquilla_fo6;2020;.
MET-GUAV;barranquilla_fo6;2025;.
MET-GUAV;barranquilla_fo6;2030;.
MET-GUAV;barranquilla_fo6;2035;.
MET-GUAV;barranquilla_fo6;2040;.
MET-GUAV;barranquilla_fo6;2045;.
MET-GUAV;cartagena_gas;2020;.
MET-GUAV;cartagena_gas;2025;.
MET-GUAV;cartagena_gas;2030;.
MET-GUAV;cartagena_gas;2035;.
MET-GUAV;cartagena_gas;2040;.
MET-GUAV;cartagena_gas;2045;.
MET-GUAV;cartagena_fo6;2020;.
MET-GUAV;cartagena_fo6;2025;.
MET-GUAV;cartagena_fo6;2030;.
MET-GUAV;cartagena_fo6;2035;.
MET-GUAV;cartagena_fo6;2040;.
MET-GUAV;cartagena_fo6;2045;.
MET-GUAV;guajira_gas;2020;.
MET-GUAV;guajira_gas;2025;.
MET-GUAV;guajira_gas;2030;.
MET-GUAV;guajira_gas;2035;.
MET-GUAV;guajira_gas;2040;.
MET-GUAV;guajira_gas;2045;.
MET-GUAV;guajira_car;2020;.
MET-GUAV;guajira_car;2025;.
MET-GUAV;guajira_car;2030;.
MET-GUAV;guajira_car;2035;.
MET-GUAV;guajira_car;2040;.
MET-GUAV;guajira_car;2045;.
MET-GUAV;flores_gas;2020;.
MET-GUAV;flores_gas;2025;.
MET-GUAV;flores_gas;2030;.
MET-GUAV;flores_gas;2035;.
MET-GUAV;flores_gas;2040;.
MET-GUAV;flores_gas;2045;.
MET-GUAV;flores_fo2;2020;.
MET-GUAV;flores_fo2;2025;.
MET-GUAV;flores_fo2;2030;.
MET-GUAV;flores_fo2;2035;.
MET-GUAV;flores_fo2;2040;.
MET-GUAV;flores_fo2;2045;.
MET-GUAV;paipa_car;2020;.
MET-GUAV;paipa_car;2025;.
MET-GUAV;paipa_car;2030;.
MET-GUAV;paipa_car;2035;.
MET-GUAV;paipa_car;2040;.
MET-GUAV;paipa_car;2045;.
MET-GUAV;tasajero_car;2020;.
MET-GUAV;tasajero_car;2025;.
MET-GUAV;tasajero_car;2030;.
MET-GUAV;tasajero_car;2035;.
MET-GUAV;tasajero_car;2040;.
MET-GUAV;tasajero_car;2045;.
MET-GUAV;zipa_car;2020;.
MET-GUAV;zipa_car;2025;.
MET-GUAV;zipa_car;2030;.
MET-GUAV;zipa_car;2035;.
MET-GUAV;zipa_car;2040;.
MET-GUAV;zipa_car;2045;.
MET-GUAV;fuel_oil;2020;.
MET-GUAV;fuel_oil;2025;.
MET-GUAV;fuel_oil;2030;.
MET-GUAV;fuel_oil;2035;.
MET-GUAV;fuel_oil;2040;.
MET-GUAV;fuel_oil;2045;.
MET-GUAV;termodorada_gas;2020;.
MET-GUAV;termodorada_gas;2025;.
MET-GUAV;termodorada_gas;2030;.
MET-GUAV;termodorada_gas;2035;.
MET-GUAV;termodorada_gas;2040;.
MET-GUAV;termodorada_gas;2045;.
MET-GUAV;termodorada_fo2;2020;.
MET-GUAV;termodorada_fo2;2025;.
MET-GUAV;termodorada_fo2;2030;.
MET-GUAV;termodorada_fo2;2035;.
MET-GUAV;termodorada_fo2;2040;.
MET-GUAV;termodorada_fo2;2045;.
MET-GUAV;termosierra_gas;2020;.
MET-GUAV;termosierra_gas;2025;.
MET-GUAV;termosierra_gas;2030;.
MET-GUAV;termosierra_gas;2035;.
MET-GUAV;termosierra_gas;2040;.
MET-GUAV;termosierra_gas;2045;.
MET-GUAV;termosierra_fo2;2020;.
MET-GUAV;termosierra_fo2;2025;.
MET-GUAV;termosierra_fo2;2030;.
MET-GUAV;termosierra_fo2;2035;.
MET-GUAV;termosierra_fo2;2040;.
MET-GUAV;termosierra_fo2;2045;.
MET-GUAV;merielectrica_gas;2020;.
MET-GUAV;merielectrica_gas;2025;.
MET-GUAV;merielectrica_gas;2030;.
MET-GUAV;merielectrica_gas;2035;.
MET-GUAV;merielectrica_gas;2040;.
MET-GUAV;merielectrica_gas;2045;.
MET-GUAV;NONE  ;2020;0
MET-GUAV;NONE  ;2025;0
MET-GUAV;NONE  ;2030;0
MET-GUAV;NONE  ;2035;0
MET-GUAV;NONE  ;2040;0
MET-GUAV;NONE  ;2045;0
MET-GUAV;termovalle_gas;2020;.
MET-GUAV;termovalle_gas;2025;.
MET-GUAV;termovalle_gas;2030;.
MET-GUAV;termovalle_gas;2035;.
MET-GUAV;termovalle_gas;2040;.
MET-GUAV;termovalle_gas;2045;.
MET-GUAV;termovalle_cmp2;2020;.
MET-GUAV;termovalle_cmp2;2025;.
MET-GUAV;termovalle_cmp2;2030;.
MET-GUAV;termovalle_cmp2;2035;.
MET-GUAV;termovalle_cmp2;2040;.
MET-GUAV;termovalle_cmp2;2045;.
MET-GUAV;termocentro_gas;2020;.
MET-GUAV;termocentro_gas;2025;.
MET-GUAV;termocentro_gas;2030;.
MET-GUAV;termocentro_gas;2035;.
MET-GUAV;termocentro_gas;2040;.
MET-GUAV;termocentro_gas;2045;.
MET-GUAV;termocentro_ja1;2020;.
MET-GUAV;termocentro_ja1;2025;.
MET-GUAV;termocentro_ja1;2030;.
MET-GUAV;termocentro_ja1;2035;.
MET-GUAV;termocentro_ja1;2040;.
MET-GUAV;termocentro_ja1;2045;.
MET-GUAV;candelaria_fo2;2020;.
MET-GUAV;candelaria_fo2;2025;.
MET-GUAV;candelaria_fo2;2030;.
MET-GUAV;candelaria_fo2;2035;.
MET-GUAV;candelaria_fo2;2040;.
MET-GUAV;candelaria_fo2;2045;.
MET-GUAV;termoyopal_gas;2020;3.979525424
MET-GUAV;termoyopal_gas;2025;6.391016393
MET-GUAV;termoyopal_gas;2030;8.351095238
MET-GUAV;termoyopal_gas;2035;10.05109524
MET-GUAV;termoyopal_gas;2040;11.75109524
MET-GUAV;termoyopal_gas;2045;13.45109524
MET-GUAV;gecelca_car;2020;.
MET-GUAV;gecelca_car;2025;.
MET-GUAV;gecelca_car;2030;.
MET-GUAV;gecelca_car;2035;.
MET-GUAV;gecelca_car;2040;.
MET-GUAV;gecelca_car;2045;.
BOG-CUN;barranquilla_gas;2020;.
BOG-CUN;barranquilla_gas;2025;.
BOG-CUN;barranquilla_gas;2030;.
BOG-CUN;barranquilla_gas;2035;.
BOG-CUN;barranquilla_gas;2040;.
BOG-CUN;barranquilla_gas;2045;.
BOG-CUN;barranquilla_fo6;2020;.
BOG-CUN;barranquilla_fo6;2025;.
BOG-CUN;barranquilla_fo6;2030;.
BOG-CUN;barranquilla_fo6;2035;.
BOG-CUN;barranquilla_fo6;2040;.
BOG-CUN;barranquilla_fo6;2045;.
BOG-CUN;cartagena_gas;2020;.
BOG-CUN;cartagena_gas;2025;.
BOG-CUN;cartagena_gas;2030;.
BOG-CUN;cartagena_gas;2035;.
BOG-CUN;cartagena_gas;2040;.
BOG-CUN;cartagena_gas;2045;.
BOG-CUN;cartagena_fo6;2020;.
BOG-CUN;cartagena_fo6;2025;.
BOG-CUN;cartagena_fo6;2030;.
BOG-CUN;cartagena_fo6;2035;.
BOG-CUN;cartagena_fo6;2040;.
BOG-CUN;cartagena_fo6;2045;.
BOG-CUN;guajira_gas;2020;.
BOG-CUN;guajira_gas;2025;.
BOG-CUN;guajira_gas;2030;.
BOG-CUN;guajira_gas;2035;.
BOG-CUN;guajira_gas;2040;.
BOG-CUN;guajira_gas;2045;.
BOG-CUN;guajira_car;2020;.
BOG-CUN;guajira_car;2025;.
BOG-CUN;guajira_car;2030;.
BOG-CUN;guajira_car;2035;.
BOG-CUN;guajira_car;2040;.
BOG-CUN;guajira_car;2045;.
BOG-CUN;flores_gas;2020;.
BOG-CUN;flores_gas;2025;.
BOG-CUN;flores_gas;2030;.
BOG-CUN;flores_gas;2035;.
BOG-CUN;flores_gas;2040;.
BOG-CUN;flores_gas;2045;.
BOG-CUN;flores_fo2;2020;.
BOG-CUN;flores_fo2;2025;.
BOG-CUN;flores_fo2;2030;.
BOG-CUN;flores_fo2;2035;.
BOG-CUN;flores_fo2;2040;.
BOG-CUN;flores_fo2;2045;.
BOG-CUN;paipa_car;2020;.
BOG-CUN;paipa_car;2025;.
BOG-CUN;paipa_car;2030;.
BOG-CUN;paipa_car;2035;.
BOG-CUN;paipa_car;2040;.
BOG-CUN;paipa_car;2045;.
BOG-CUN;tasajero_car;2020;.
BOG-CUN;tasajero_car;2025;.
BOG-CUN;tasajero_car;2030;.
BOG-CUN;tasajero_car;2035;.
BOG-CUN;tasajero_car;2040;.
BOG-CUN;tasajero_car;2045;.
BOG-CUN;zipa_car;2020;1.613208586
BOG-CUN;zipa_car;2025;1.79326639
BOG-CUN;zipa_car;2030;1.895971806
BOG-CUN;zipa_car;2035;1.905971806
BOG-CUN;zipa_car;2040;1.915971806
BOG-CUN;zipa_car;2045;1.925971806
BOG-CUN;fuel_oil;2020;.
BOG-CUN;fuel_oil;2025;.
BOG-CUN;fuel_oil;2030;.
BOG-CUN;fuel_oil;2035;.
BOG-CUN;fuel_oil;2040;.
BOG-CUN;fuel_oil;2045;.
BOG-CUN;termodorada_gas;2020;.
BOG-CUN;termodorada_gas;2025;.
BOG-CUN;termodorada_gas;2030;.
BOG-CUN;termodorada_gas;2035;.
BOG-CUN;termodorada_gas;2040;.
BOG-CUN;termodorada_gas;2045;.
BOG-CUN;termodorada_fo2;2020;.
BOG-CUN;termodorada_fo2;2025;.
BOG-CUN;termodorada_fo2;2030;.
BOG-CUN;termodorada_fo2;2035;.
BOG-CUN;termodorada_fo2;2040;.
BOG-CUN;termodorada_fo2;2045;.
BOG-CUN;termosierra_gas;2020;.
BOG-CUN;termosierra_gas;2025;.
BOG-CUN;termosierra_gas;2030;.
BOG-CUN;termosierra_gas;2035;.
BOG-CUN;termosierra_gas;2040;.
BOG-CUN;termosierra_gas;2045;.
BOG-CUN;termosierra_fo2;2020;.
BOG-CUN;termosierra_fo2;2025;.
BOG-CUN;termosierra_fo2;2030;.
BOG-CUN;termosierra_fo2;2035;.
BOG-CUN;termosierra_fo2;2040;.
BOG-CUN;termosierra_fo2;2045;.
BOG-CUN;merielectrica_gas;2020;.
BOG-CUN;merielectrica_gas;2025;.
BOG-CUN;merielectrica_gas;2030;.
BOG-CUN;merielectrica_gas;2035;.
BOG-CUN;merielectrica_gas;2040;.
BOG-CUN;merielectrica_gas;2045;.
BOG-CUN;NONE  ;2020;0
BOG-CUN;NONE  ;2025;0
BOG-CUN;NONE  ;2030;0
BOG-CUN;NONE  ;2035;0
BOG-CUN;NONE  ;2040;0
BOG-CUN;NONE  ;2045;0
BOG-CUN;termovalle_gas;2020;.
BOG-CUN;termovalle_gas;2025;.
BOG-CUN;termovalle_gas;2030;.
BOG-CUN;termovalle_gas;2035;.
BOG-CUN;termovalle_gas;2040;.
BOG-CUN;termovalle_gas;2045;.
BOG-CUN;termovalle_cmp2;2020;.
BOG-CUN;termovalle_cmp2;2025;.
BOG-CUN;termovalle_cmp2;2030;.
BOG-CUN;termovalle_cmp2;2035;.
BOG-CUN;termovalle_cmp2;2040;.
BOG-CUN;termovalle_cmp2;2045;.
BOG-CUN;termocentro_gas;2020;.
BOG-CUN;termocentro_gas;2025;.
BOG-CUN;termocentro_gas;2030;.
BOG-CUN;termocentro_gas;2035;.
BOG-CUN;termocentro_gas;2040;.
BOG-CUN;termocentro_gas;2045;.
BOG-CUN;termocentro_ja1;2020;.
BOG-CUN;termocentro_ja1;2025;.
BOG-CUN;termocentro_ja1;2030;.
BOG-CUN;termocentro_ja1;2035;.
BOG-CUN;termocentro_ja1;2040;.
BOG-CUN;termocentro_ja1;2045;.
BOG-CUN;candelaria_fo2;2020;.
BOG-CUN;candelaria_fo2;2025;.
BOG-CUN;candelaria_fo2;2030;.
BOG-CUN;candelaria_fo2;2035;.
BOG-CUN;candelaria_fo2;2040;.
BOG-CUN;candelaria_fo2;2045;.
BOG-CUN;termoyopal_gas;2020;.
BOG-CUN;termoyopal_gas;2025;.
BOG-CUN;termoyopal_gas;2030;.
BOG-CUN;termoyopal_gas;2035;.
BOG-CUN;termoyopal_gas;2040;.
BOG-CUN;termoyopal_gas;2045;.
BOG-CUN;gecelca_car;2020;.
BOG-CUN;gecelca_car;2025;.
BOG-CUN;gecelca_car;2030;.
BOG-CUN;gecelca_car;2035;.
BOG-CUN;gecelca_car;2040;.
BOG-CUN;gecelca_car;2045;.
