gen_tech,gen_load_zone,gen_energy_source,period,Energy_GWh_typical_yr,VariableCost_per_yr,DispatchEmissions_tCO2_per_typical_yr
Auto-Cog,ANT-CHO,NONE,2020,53.55292799999989,0.0,0.0
Auto-Cog,ANT-CHO,NONE,2025,53.55292799999989,0.0,0.0
Auto-Cog,ANT-CHO,NONE,2030,53.55292799999989,0.0,0.0
Auto-Cog,ANT-CHO,NONE,2035,53.55292799999989,0.0,0.0
Auto-Cog,ANT-CHO,NONE,2040,53.55292799999989,0.0,0.0
Auto-Cog,ANT-CHO,NONE,2045,53.55292799999989,0.0,0.0
Auto-Cog,ATLANTICO,NONE,2020,6.2668319999999955,0.0,0.0
Auto-Cog,ATLANTICO,NONE,2025,6.2668319999999955,0.0,0.0
Auto-Cog,ATLANTICO,NONE,2030,6.2668319999999955,0.0,0.0
Auto-Cog,ATLANTICO,NONE,2035,6.2668319999999955,0.0,0.0
Auto-Cog,ATLANTICO,NONE,2040,6.2668319999999955,0.0,0.0
Auto-Cog,ATLANTICO,NONE,2045,6.2668319999999955,0.0,0.0
Auto-Cog,BOG-CUN,NONE,2020,9.685103999999983,0.0,0.0
Auto-Cog,BOG-CUN,NONE,2025,9.685103999999983,0.0,0.0
Auto-Cog,BOG-CUN,NONE,2030,9.685103999999983,0.0,0.0
Auto-Cog,BOG-CUN,NONE,2035,9.685103999999983,0.0,0.0
Auto-Cog,BOG-CUN,NONE,2040,9.685103999999983,0.0,0.0
Auto-Cog,BOG-CUN,NONE,2045,9.685103999999983,0.0,0.0
Auto-Cog,BOLIVAR,NONE,2020,112.80297599999966,0.0,0.0
Auto-Cog,BOLIVAR,NONE,2025,112.80297599999966,0.0,0.0
Auto-Cog,BOLIVAR,NONE,2030,112.80297599999966,0.0,0.0
Auto-Cog,BOLIVAR,NONE,2035,112.80297599999966,0.0,0.0
Auto-Cog,BOLIVAR,NONE,2040,112.80297599999966,0.0,0.0
Auto-Cog,BOLIVAR,NONE,2045,112.80297599999966,0.0,0.0
Auto-Cog,CAUCA,NONE,2020,170.3438880000001,0.0,0.0
Auto-Cog,CAUCA,NONE,2025,170.34388800000013,0.0,0.0
Auto-Cog,CAUCA,NONE,2030,170.34388800000016,0.0,0.0
Auto-Cog,CAUCA,NONE,2035,170.34388800000013,0.0,0.0
Auto-Cog,CAUCA,NONE,2040,170.3438880000002,0.0,0.0
Auto-Cog,CAUCA,NONE,2045,170.3438880000001,0.0,0.0
Auto-Cog,CQR,NONE,2020,85.45679999999994,0.0,0.0
Auto-Cog,CQR,NONE,2025,85.45679999999994,0.0,0.0
Auto-Cog,CQR,NONE,2030,85.45679999999994,0.0,0.0
Auto-Cog,CQR,NONE,2035,85.45679999999994,0.0,0.0
Auto-Cog,CQR,NONE,2040,85.45679999999994,0.0,0.0
Auto-Cog,CQR,NONE,2045,85.45679999999994,0.0,0.0
Auto-Cog,GCM,NONE,2020,12.818519999999973,0.0,0.0
Auto-Cog,GCM,NONE,2025,12.818519999999973,0.0,0.0
Auto-Cog,GCM,NONE,2030,12.818519999999973,0.0,0.0
Auto-Cog,GCM,NONE,2035,12.818519999999973,0.0,0.0
Auto-Cog,GCM,NONE,2040,12.818519999999973,0.0,0.0
Auto-Cog,GCM,NONE,2045,12.818519999999973,0.0,0.0
Auto-Cog,MET-GUAV,NONE,2020,9.115392,0.0,0.0
Auto-Cog,MET-GUAV,NONE,2025,9.115392,0.0,0.0
Auto-Cog,MET-GUAV,NONE,2030,9.115392,0.0,0.0
Auto-Cog,MET-GUAV,NONE,2035,9.115392,0.0,0.0
Auto-Cog,MET-GUAV,NONE,2040,9.115392,0.0,0.0
Auto-Cog,MET-GUAV,NONE,2045,9.115392,0.0,0.0
Auto-Cog,VALLE,NONE,2020,269.47377599999993,0.0,0.0
Auto-Cog,VALLE,NONE,2025,269.47377599999993,0.0,0.0
Auto-Cog,VALLE,NONE,2030,269.473776,0.0,0.0
Auto-Cog,VALLE,NONE,2035,269.473776,0.0,0.0
Auto-Cog,VALLE,NONE,2040,269.47377600000004,0.0,0.0
Auto-Cog,VALLE,NONE,2045,269.47377599999993,0.0,0.0
Eolica,ANT-CHO,Wind,2020,653.4483411942888,0.0,0.0
Eolica,ANT-CHO,Wind,2025,884.6065247236189,0.0,0.0
Eolica,ANT-CHO,Wind,2030,1306.8966823885773,0.0,0.0
Eolica,ANT-CHO,Wind,2035,1474.3442078726982,0.0,0.0
Eolica,ANT-CHO,Wind,2040,1829.6553553440112,0.0,0.0
Eolica,ANT-CHO,Wind,2045,1887.1605860770562,0.0,0.0
Eolica,ATLANTICO,Wind,2020,653.4483411942888,0.0,0.0
Eolica,ATLANTICO,Wind,2025,884.6065247236185,0.0,0.0
Eolica,ATLANTICO,Wind,2030,1306.8966823885773,0.0,0.0
Eolica,ATLANTICO,Wind,2035,1474.344207872698,0.0,0.0
Eolica,ATLANTICO,Wind,2040,1829.655355344011,0.0,0.0
Eolica,ATLANTICO,Wind,2045,1887.1605860770565,0.0,0.0
Eolica,BOG-CUN,Wind,2020,653.4483411942887,0.0,0.0
Eolica,BOG-CUN,Wind,2025,884.6065247236188,0.0,0.0
Eolica,BOG-CUN,Wind,2030,1306.8966823885776,0.0,0.0
Eolica,BOG-CUN,Wind,2035,1474.3442078726978,0.0,0.0
Eolica,BOG-CUN,Wind,2040,1829.65535534401,0.0,0.0
Eolica,BOG-CUN,Wind,2045,1887.1605860770562,0.0,0.0
Eolica,BOLIVAR,Wind,2020,653.4483411942888,0.0,0.0
Eolica,BOLIVAR,Wind,2025,884.6065247236189,0.0,0.0
Eolica,BOLIVAR,Wind,2030,1306.896682388577,0.0,0.0
Eolica,BOLIVAR,Wind,2035,1474.344207872698,0.0,0.0
Eolica,BOLIVAR,Wind,2040,1829.6553553440115,0.0,0.0
Eolica,BOLIVAR,Wind,2045,1887.1605860770562,0.0,0.0
Eolica,BOY-CAS,Wind,2020,653.4483411942888,0.0,0.0
Eolica,BOY-CAS,Wind,2025,884.6065247236188,0.0,0.0
Eolica,BOY-CAS,Wind,2030,1306.8966823885776,0.0,0.0
Eolica,BOY-CAS,Wind,2035,1474.3442078726978,0.0,0.0
Eolica,BOY-CAS,Wind,2040,1829.6553553440108,0.0,0.0
Eolica,BOY-CAS,Wind,2045,1887.1605860770565,0.0,0.0
Eolica,CAUCA,Wind,2020,653.4483411942884,0.0,0.0
Eolica,CAUCA,Wind,2025,884.6065247236185,0.0,0.0
Eolica,CAUCA,Wind,2030,1306.896682388578,0.0,0.0
Eolica,CAUCA,Wind,2035,1474.3442078726973,0.0,0.0
Eolica,CAUCA,Wind,2040,1829.6553553440108,0.0,0.0
Eolica,CAUCA,Wind,2045,1887.1605860770558,0.0,0.0
Eolica,COR-SUC,Wind,2020,653.4483411942887,0.0,0.0
Eolica,COR-SUC,Wind,2025,884.6065247236186,0.0,0.0
Eolica,COR-SUC,Wind,2030,1306.896682388578,0.0,0.0
Eolica,COR-SUC,Wind,2035,1474.344207872698,0.0,0.0
Eolica,COR-SUC,Wind,2040,1829.655355344011,0.0,0.0
Eolica,COR-SUC,Wind,2045,1887.1605860770562,0.0,0.0
Eolica,CQR,Wind,2020,653.4483411942889,0.0,0.0
Eolica,CQR,Wind,2025,884.6065247236186,0.0,0.0
Eolica,CQR,Wind,2030,1306.8966823885778,0.0,0.0
Eolica,CQR,Wind,2035,1474.3442078726973,0.0,0.0
Eolica,CQR,Wind,2040,1829.6553553440115,0.0,0.0
Eolica,CQR,Wind,2045,1887.160586077057,0.0,0.0
Eolica,GCM,Wind,2020,755.0941457517292,0.0,0.0
Eolica,GCM,Wind,2025,986.2523292810598,0.0,0.0
Eolica,GCM,Wind,2030,1408.5424869460167,0.0,0.0
Eolica,GCM,Wind,2035,1575.9900124301366,0.0,0.0
Eolica,GCM,Wind,2040,1931.3011599014476,0.0,0.0
Eolica,GCM,Wind,2045,1988.8063906344937,0.0,0.0
Eolica,HTC,Wind,2020,653.4483411942888,0.0,0.0
Eolica,HTC,Wind,2025,884.6065247236187,0.0,0.0
Eolica,HTC,Wind,2030,1306.8966823885773,0.0,0.0
Eolica,HTC,Wind,2035,1474.344207872698,0.0,0.0
Eolica,HTC,Wind,2040,1829.6553553440112,0.0,0.0
Eolica,HTC,Wind,2045,1887.1605860770562,0.0,0.0
Eolica,MET-GUAV,Wind,2020,653.4483411942887,0.0,0.0
Eolica,MET-GUAV,Wind,2025,884.6065247236187,0.0,0.0
Eolica,MET-GUAV,Wind,2030,1306.8966823885771,0.0,0.0
Eolica,MET-GUAV,Wind,2035,1474.3442078726976,0.0,0.0
Eolica,MET-GUAV,Wind,2040,1829.6553553440106,0.0,0.0
Eolica,MET-GUAV,Wind,2045,1887.1605860770562,0.0,0.0
Eolica,NAR-PUT,Wind,2020,653.4483411942887,0.0,0.0
Eolica,NAR-PUT,Wind,2025,884.6065247236188,0.0,0.0
Eolica,NAR-PUT,Wind,2030,1306.8966823885771,0.0,0.0
Eolica,NAR-PUT,Wind,2035,1474.3442078726982,0.0,0.0
Eolica,NAR-PUT,Wind,2040,1829.6553553440103,0.0,0.0
Eolica,NAR-PUT,Wind,2045,1887.1605860770565,0.0,0.0
Eolica,NSANT,Wind,2020,653.4483411942887,0.0,0.0
Eolica,NSANT,Wind,2025,884.6065247236188,0.0,0.0
Eolica,NSANT,Wind,2030,1306.8966823885776,0.0,0.0
Eolica,NSANT,Wind,2035,1474.344207872698,0.0,0.0
Eolica,NSANT,Wind,2040,1829.6553553440108,0.0,0.0
Eolica,NSANT,Wind,2045,1887.160586077057,0.0,0.0
Eolica,SANT-ARA,Wind,2020,653.4483411942883,0.0,0.0
Eolica,SANT-ARA,Wind,2025,884.6065247236186,0.0,0.0
Eolica,SANT-ARA,Wind,2030,1306.896682388577,0.0,0.0
Eolica,SANT-ARA,Wind,2035,1474.3442078726976,0.0,0.0
Eolica,SANT-ARA,Wind,2040,1829.655355344011,0.0,0.0
Eolica,SANT-ARA,Wind,2045,1887.1605860770565,0.0,0.0
Eolica,VALLE,Wind,2020,653.4483411942886,0.0,0.0
Eolica,VALLE,Wind,2025,884.6065247236188,0.0,0.0
Eolica,VALLE,Wind,2030,1306.8966823885776,0.0,0.0
Eolica,VALLE,Wind,2035,1474.3442078726978,0.0,0.0
Eolica,VALLE,Wind,2040,1829.6553553440103,0.0,0.0
Eolica,VALLE,Wind,2045,1887.1605860770567,0.0,0.0
Hidro,ANT-CHO,Water,2020,20255.452800000072,0.0,0.0
Hidro,ANT-CHO,Water,2025,20798.870400000047,0.0,0.0
Hidro,ANT-CHO,Water,2030,20907.553920000046,0.0,0.0
Hidro,ANT-CHO,Water,2035,21016.23744000005,0.0,0.0
Hidro,ANT-CHO,Water,2040,21070.579200000084,0.0,0.0
Hidro,ANT-CHO,Water,2045,21124.92096000008,0.0,0.0
Hidro,ATLANTICO,Water,2020,0.0,0.0,0.0
Hidro,ATLANTICO,Water,2025,0.0,0.0,0.0
Hidro,ATLANTICO,Water,2030,0.0,0.0,0.0
Hidro,ATLANTICO,Water,2035,0.0,0.0,0.0
Hidro,ATLANTICO,Water,2040,0.0,0.0,0.0
Hidro,ATLANTICO,Water,2045,0.0,0.0,0.0
Hidro,BOG-CUN,Water,2020,14286.624000000013,0.0,0.0
Hidro,BOG-CUN,Water,2025,14286.624000000038,0.0,0.0
Hidro,BOG-CUN,Water,2030,14286.624000000025,0.0,0.0
Hidro,BOG-CUN,Water,2035,14286.624000000036,0.0,0.0
Hidro,BOG-CUN,Water,2040,14286.62400000004,0.0,0.0
Hidro,BOG-CUN,Water,2045,14286.624000000034,0.0,0.0
Hidro,BOLIVAR,Water,2020,0.0,0.0,0.0
Hidro,BOLIVAR,Water,2025,0.0,0.0,0.0
Hidro,BOLIVAR,Water,2030,0.0,0.0,0.0
Hidro,BOLIVAR,Water,2035,0.0,0.0,0.0
Hidro,BOLIVAR,Water,2040,0.0,0.0,0.0
Hidro,BOLIVAR,Water,2045,0.0,0.0,0.0
Hidro,BOY-CAS,Water,2020,0.0,0.0,0.0
Hidro,BOY-CAS,Water,2025,0.0,0.0,0.0
Hidro,BOY-CAS,Water,2030,0.0,0.0,0.0
Hidro,BOY-CAS,Water,2035,0.0,0.0,0.0
Hidro,BOY-CAS,Water,2040,0.0,0.0,0.0
Hidro,BOY-CAS,Water,2045,0.0,0.0,0.0
Hidro,CAUCA,Water,2020,0.0,0.0,0.0
Hidro,CAUCA,Water,2025,0.0,0.0,0.0
Hidro,CAUCA,Water,2030,0.0,0.0,0.0
Hidro,CAUCA,Water,2035,0.0,0.0,0.0
Hidro,CAUCA,Water,2040,0.0,0.0,0.0
Hidro,CAUCA,Water,2045,0.0,0.0,0.0
Hidro,COR-SUC,Water,2020,1393.6031999999996,0.0,0.0
Hidro,COR-SUC,Water,2025,1393.6031999999987,0.0,0.0
Hidro,COR-SUC,Water,2030,1393.6031999999996,0.0,0.0
Hidro,COR-SUC,Water,2035,1393.6031999999989,0.0,0.0
Hidro,COR-SUC,Water,2040,1393.6031999999987,0.0,0.0
Hidro,COR-SUC,Water,2045,1393.6031999999987,0.0,0.0
Hidro,CQR,Water,2020,1235.8368000000019,0.0,0.0
Hidro,CQR,Water,2025,1235.8368000000019,0.0,0.0
Hidro,CQR,Water,2030,1235.8368000000014,0.0,0.0
Hidro,CQR,Water,2035,1235.836800000002,0.0,0.0
Hidro,CQR,Water,2040,1235.8368000000025,0.0,0.0
Hidro,CQR,Water,2045,1235.8368000000014,0.0,0.0
Hidro,GCM,Water,2020,0.0,0.0,0.0
Hidro,GCM,Water,2025,0.0,0.0,0.0
Hidro,GCM,Water,2030,0.0,0.0,0.0
Hidro,GCM,Water,2035,0.0,0.0,0.0
Hidro,GCM,Water,2040,0.0,0.0,0.0
Hidro,GCM,Water,2045,0.0,0.0,0.0
Hidro,HTC,Water,2020,4645.3439999999955,0.0,0.0
Hidro,HTC,Water,2025,5188.761599999998,0.0,0.0
Hidro,HTC,Water,2030,5297.445119999983,0.0,0.0
Hidro,HTC,Water,2035,5406.128639999984,0.0,0.0
Hidro,HTC,Water,2040,5460.470399999969,0.0,0.0
Hidro,HTC,Water,2045,5514.812159999976,0.0,0.0
Hidro,MET-GUAV,Water,2020,0.0,0.0,0.0
Hidro,MET-GUAV,Water,2025,0.0,0.0,0.0
Hidro,MET-GUAV,Water,2030,0.0,0.0,0.0
Hidro,MET-GUAV,Water,2035,0.0,0.0,0.0
Hidro,MET-GUAV,Water,2040,0.0,0.0,0.0
Hidro,MET-GUAV,Water,2045,0.0,0.0,0.0
Hidro,NAR-PUT,Water,2020,0.0,0.0,0.0
Hidro,NAR-PUT,Water,2025,0.0,0.0,0.0
Hidro,NAR-PUT,Water,2030,0.0,0.0,0.0
Hidro,NAR-PUT,Water,2035,0.0,0.0,0.0
Hidro,NAR-PUT,Water,2040,0.0,0.0,0.0
Hidro,NAR-PUT,Water,2045,0.0,0.0,0.0
Hidro,NSANT,Water,2020,0.0,0.0,0.0
Hidro,NSANT,Water,2025,271.70879999999977,0.0,0.0
Hidro,NSANT,Water,2030,326.05055999999985,0.0,0.0
Hidro,NSANT,Water,2035,380.3923200000005,0.0,0.0
Hidro,NSANT,Water,2040,434.7340800000002,0.0,0.0
Hidro,NSANT,Water,2045,489.0758399999998,0.0,0.0
Hidro,SANT-ARA,Water,2020,3374.448000000006,0.0,0.0
Hidro,SANT-ARA,Water,2025,3374.448000000003,0.0,0.0
Hidro,SANT-ARA,Water,2030,3374.4480000000053,0.0,0.0
Hidro,SANT-ARA,Water,2035,3374.4480000000026,0.0,0.0
Hidro,SANT-ARA,Water,2040,3374.4480000000035,0.0,0.0
Hidro,SANT-ARA,Water,2045,3374.448000000005,0.0,0.0
Hidro,VALLE,Water,2020,3488.390400000002,0.0,0.0
Hidro,VALLE,Water,2025,4031.808000000007,0.0,0.0
Hidro,VALLE,Water,2030,4140.491519999991,0.0,0.0
Hidro,VALLE,Water,2035,4249.175040000002,0.0,0.0
Hidro,VALLE,Water,2040,4303.516799999991,0.0,0.0
Hidro,VALLE,Water,2045,4357.858559999995,0.0,0.0
Menores,ANT-CHO,RunofRiver,2020,1648.4863115969993,0.0,0.0
Menores,ANT-CHO,RunofRiver,2025,1648.486311597,0.0,0.0
Menores,ANT-CHO,RunofRiver,2030,1648.486311596999,0.0,0.0
Menores,ANT-CHO,RunofRiver,2035,1648.4863115969995,0.0,0.0
Menores,ANT-CHO,RunofRiver,2040,1648.4863115969997,0.0,0.0
Menores,ANT-CHO,RunofRiver,2045,1648.4863115969995,0.0,0.0
Menores,BOG-CUN,RunofRiver,2020,646.2981914308135,0.0,0.0
Menores,BOG-CUN,RunofRiver,2025,646.2981914308134,0.0,0.0
Menores,BOG-CUN,RunofRiver,2030,646.2981914308135,0.0,0.0
Menores,BOG-CUN,RunofRiver,2035,646.2981914308135,0.0,0.0
Menores,BOG-CUN,RunofRiver,2040,646.2981914308135,0.0,0.0
Menores,BOG-CUN,RunofRiver,2045,646.2981914308134,0.0,0.0
Menores,CAUCA,RunofRiver,2020,245.1498321455038,0.0,0.0
Menores,CAUCA,RunofRiver,2025,245.1498321455038,0.0,0.0
Menores,CAUCA,RunofRiver,2030,245.1498321455038,0.0,0.0
Menores,CAUCA,RunofRiver,2035,245.1498321455038,0.0,0.0
Menores,CAUCA,RunofRiver,2040,245.1498321455038,0.0,0.0
Menores,CAUCA,RunofRiver,2045,245.1498321455038,0.0,0.0
Menores,CQR,RunofRiver,2020,251.9776126164001,0.0,0.0
Menores,CQR,RunofRiver,2025,251.97761261640014,0.0,0.0
Menores,CQR,RunofRiver,2030,251.9776126164001,0.0,0.0
Menores,CQR,RunofRiver,2035,251.97761261640014,0.0,0.0
Menores,CQR,RunofRiver,2040,251.97761261640014,0.0,0.0
Menores,CQR,RunofRiver,2045,251.97761261640014,0.0,0.0
Menores,HTC,RunofRiver,2020,151.77180589591669,0.0,0.0
Menores,HTC,RunofRiver,2025,151.7718058959167,0.0,0.0
Menores,HTC,RunofRiver,2030,151.77180589591669,0.0,0.0
Menores,HTC,RunofRiver,2035,151.77180589591669,0.0,0.0
Menores,HTC,RunofRiver,2040,151.77180589591666,0.0,0.0
Menores,HTC,RunofRiver,2045,151.77180589591666,0.0,0.0
Menores,NAR-PUT,RunofRiver,2020,154.76302400697577,0.0,0.0
Menores,NAR-PUT,RunofRiver,2025,154.76302400697577,0.0,0.0
Menores,NAR-PUT,RunofRiver,2030,154.76302400697577,0.0,0.0
Menores,NAR-PUT,RunofRiver,2035,154.76302400697577,0.0,0.0
Menores,NAR-PUT,RunofRiver,2040,154.76302400697577,0.0,0.0
Menores,NAR-PUT,RunofRiver,2045,154.76302400697577,0.0,0.0
Menores,SANT-ARA,RunofRiver,2020,123.5503132828798,0.0,0.0
Menores,SANT-ARA,RunofRiver,2025,123.55031328287976,0.0,0.0
Menores,SANT-ARA,RunofRiver,2030,123.55031328287978,0.0,0.0
Menores,SANT-ARA,RunofRiver,2035,123.55031328287976,0.0,0.0
Menores,SANT-ARA,RunofRiver,2040,123.55031328287977,0.0,0.0
Menores,SANT-ARA,RunofRiver,2045,123.55031328287977,0.0,0.0
Menores,VALLE,RunofRiver,2020,695.5232373019345,0.0,0.0
Menores,VALLE,RunofRiver,2025,695.5232373019343,0.0,0.0
Menores,VALLE,RunofRiver,2030,695.5232373019345,0.0,0.0
Menores,VALLE,RunofRiver,2035,695.5232373019344,0.0,0.0
Menores,VALLE,RunofRiver,2040,695.5232373019345,0.0,0.0
Menores,VALLE,RunofRiver,2045,695.5232373019345,0.0,0.0
Thermal,ANT-CHO,termosierra_fo2,2020,0.0,0.0,0.0
Thermal,ANT-CHO,termosierra_fo2,2025,0.0,0.0,0.0
Thermal,ANT-CHO,termosierra_fo2,2030,0.0,0.0,0.0
Thermal,ANT-CHO,termosierra_fo2,2035,0.0,0.0,0.0
Thermal,ANT-CHO,termosierra_fo2,2040,0.0,0.0,0.0
Thermal,ANT-CHO,termosierra_fo2,2045,0.0,0.0,0.0
Thermal,ANT-CHO,termosierra_gas,2020,0.0,0.0,0.0
Thermal,ANT-CHO,termosierra_gas,2025,0.0,0.0,0.0
Thermal,ANT-CHO,termosierra_gas,2030,0.0,0.0,0.0
Thermal,ANT-CHO,termosierra_gas,2035,0.0,0.0,0.0
Thermal,ANT-CHO,termosierra_gas,2040,0.0,0.0,0.0
Thermal,ANT-CHO,termosierra_gas,2045,0.0,0.0,0.0
Thermal,ATLANTICO,barranquilla_fo6,2020,0.0,0.0,0.0
Thermal,ATLANTICO,barranquilla_fo6,2025,0.0,0.0,0.0
Thermal,ATLANTICO,barranquilla_fo6,2030,0.0,0.0,0.0
Thermal,ATLANTICO,barranquilla_fo6,2035,0.0,0.0,0.0
Thermal,ATLANTICO,barranquilla_fo6,2040,0.0,0.0,0.0
Thermal,ATLANTICO,barranquilla_fo6,2045,0.0,0.0,0.0
Thermal,ATLANTICO,barranquilla_gas,2020,1624.265551596907,43903897.85966434,0.0
Thermal,ATLANTICO,barranquilla_gas,2025,0.0,0.0,0.0
Thermal,ATLANTICO,barranquilla_gas,2030,0.0,0.0,0.0
Thermal,ATLANTICO,barranquilla_gas,2035,0.0,0.0,0.0
Thermal,ATLANTICO,barranquilla_gas,2040,0.0,0.0,0.0
Thermal,ATLANTICO,barranquilla_gas,2045,0.0,0.0,0.0
Thermal,ATLANTICO,flores_fo2,2020,0.0,0.0,0.0
Thermal,ATLANTICO,flores_fo2,2025,0.0,0.0,0.0
Thermal,ATLANTICO,flores_fo2,2030,0.0,0.0,0.0
Thermal,ATLANTICO,flores_fo2,2035,0.0,0.0,0.0
Thermal,ATLANTICO,flores_fo2,2040,0.0,0.0,0.0
Thermal,ATLANTICO,flores_fo2,2045,0.0,0.0,0.0
Thermal,ATLANTICO,flores_gas,2020,0.0,0.0,0.0
Thermal,ATLANTICO,flores_gas,2025,0.0,0.0,0.0
Thermal,ATLANTICO,flores_gas,2030,0.0,0.0,0.0
Thermal,ATLANTICO,flores_gas,2035,0.0,0.0,0.0
Thermal,ATLANTICO,flores_gas,2040,0.0,0.0,0.0
Thermal,ATLANTICO,flores_gas,2045,0.0,0.0,0.0
Thermal,BOG-CUN,zipa_car,2020,1549.1643763200007,48876136.07289604,0.0
Thermal,BOG-CUN,zipa_car,2025,1549.1643763200007,48876136.072896056,0.0
Thermal,BOG-CUN,zipa_car,2030,774.5821881599983,24438068.036448047,0.0
Thermal,BOG-CUN,zipa_car,2035,1150.0777734182402,36284953.7513456,0.0
Thermal,BOG-CUN,zipa_car,2040,746.5413262656264,23553378.843680613,0.0
Thermal,BOG-CUN,zipa_car,2045,976.8341706050853,30819118.08259063,0.0
Thermal,BOLIVAR,barranquilla_gas,2020,0.0,0.0,0.0
Thermal,BOLIVAR,barranquilla_gas,2025,0.0,0.0,0.0
Thermal,BOLIVAR,barranquilla_gas,2030,0.0,0.0,0.0
Thermal,BOLIVAR,barranquilla_gas,2035,0.0,0.0,0.0
Thermal,BOLIVAR,barranquilla_gas,2040,0.0,0.0,0.0
Thermal,BOLIVAR,barranquilla_gas,2045,0.0,0.0,0.0
Thermal,BOLIVAR,candelaria_fo2,2020,0.0,0.0,0.0
Thermal,BOLIVAR,candelaria_fo2,2025,0.0,0.0,0.0
Thermal,BOLIVAR,candelaria_fo2,2030,0.0,0.0,0.0
Thermal,BOLIVAR,candelaria_fo2,2035,0.0,0.0,0.0
Thermal,BOLIVAR,candelaria_fo2,2040,0.0,0.0,0.0
Thermal,BOLIVAR,candelaria_fo2,2045,0.0,0.0,0.0
Thermal,BOLIVAR,cartagena_fo6,2020,0.0,0.0,0.0
Thermal,BOLIVAR,cartagena_fo6,2025,0.0,0.0,0.0
Thermal,BOLIVAR,cartagena_fo6,2030,0.0,0.0,0.0
Thermal,BOLIVAR,cartagena_fo6,2035,0.0,0.0,0.0
Thermal,BOLIVAR,cartagena_fo6,2040,0.0,0.0,0.0
Thermal,BOLIVAR,cartagena_fo6,2045,0.0,0.0,0.0
Thermal,BOLIVAR,cartagena_gas,2020,0.0,0.0,0.0
Thermal,BOLIVAR,cartagena_gas,2025,0.0,0.0,0.0
Thermal,BOLIVAR,cartagena_gas,2030,0.0,0.0,0.0
Thermal,BOLIVAR,cartagena_gas,2035,0.0,0.0,0.0
Thermal,BOLIVAR,cartagena_gas,2040,0.0,0.0,0.0
Thermal,BOLIVAR,cartagena_gas,2045,0.0,0.0,0.0
Thermal,BOLIVAR,flores_fo2,2020,0.0,0.0,0.0
Thermal,BOLIVAR,flores_fo2,2025,0.0,0.0,0.0
Thermal,BOLIVAR,flores_fo2,2030,0.0,0.0,0.0
Thermal,BOLIVAR,flores_fo2,2035,0.0,0.0,0.0
Thermal,BOLIVAR,flores_fo2,2040,0.0,0.0,0.0
Thermal,BOLIVAR,flores_fo2,2045,0.0,0.0,0.0
Thermal,BOY-CAS,barranquilla_gas,2020,0.0,0.0,0.0
Thermal,BOY-CAS,barranquilla_gas,2025,0.0,0.0,0.0
Thermal,BOY-CAS,barranquilla_gas,2030,0.0,0.0,0.0
Thermal,BOY-CAS,barranquilla_gas,2035,0.0,0.0,0.0
Thermal,BOY-CAS,barranquilla_gas,2040,0.0,0.0,0.0
Thermal,BOY-CAS,barranquilla_gas,2045,0.0,0.0,0.0
Thermal,BOY-CAS,paipa_car,2020,0.0,0.0,0.0
Thermal,BOY-CAS,paipa_car,2025,2680.345958399996,84564914.98751989,0.0
Thermal,BOY-CAS,paipa_car,2030,2662.4934688008407,84001668.9406665,0.0
Thermal,BOY-CAS,paipa_car,2035,2680.3459583999975,84564914.98751988,0.0
Thermal,BOY-CAS,paipa_car,2040,2345.2071772799973,73991286.44318385,0.0
Thermal,BOY-CAS,paipa_car,2045,2680.345958399997,84564914.98751988,0.0
Thermal,BOY-CAS,termoyopal_gas,2020,69.59619321600015,1881185.102628483,0.0
Thermal,BOY-CAS,termoyopal_gas,2025,0.0,0.0,0.0
Thermal,BOY-CAS,termoyopal_gas,2030,0.0,0.0,0.0
Thermal,BOY-CAS,termoyopal_gas,2035,0.0,0.0,0.0
Thermal,BOY-CAS,termoyopal_gas,2040,0.0,0.0,0.0
Thermal,BOY-CAS,termoyopal_gas,2045,0.0,0.0,0.0
Thermal,COR-SUC,gecelca_car,2020,2934.498864000008,92583439.15919976,0.0
Thermal,COR-SUC,gecelca_car,2025,777.7068663811459,24536651.63432516,0.0
Thermal,COR-SUC,gecelca_car,2030,89.1050599567827,2811264.641636493,0.0
Thermal,COR-SUC,gecelca_car,2035,0.0,0.0,0.0
Thermal,COR-SUC,gecelca_car,2040,49.29123827207416,1555138.567483939,0.0
Thermal,COR-SUC,gecelca_car,2045,586.597053245243,18507137.029887427,0.0
Thermal,CQR,termodorada_fo2,2020,0.0,0.0,0.0
Thermal,CQR,termodorada_fo2,2025,0.0,0.0,0.0
Thermal,CQR,termodorada_fo2,2030,0.0,0.0,0.0
Thermal,CQR,termodorada_fo2,2035,0.0,0.0,0.0
Thermal,CQR,termodorada_fo2,2040,0.0,0.0,0.0
Thermal,CQR,termodorada_fo2,2045,0.0,0.0,0.0
Thermal,CQR,termodorada_gas,2020,0.0,0.0,0.0
Thermal,CQR,termodorada_gas,2025,0.0,0.0,0.0
Thermal,CQR,termodorada_gas,2030,0.0,0.0,0.0
Thermal,CQR,termodorada_gas,2035,0.0,0.0,0.0
Thermal,CQR,termodorada_gas,2040,0.0,0.0,0.0
Thermal,CQR,termodorada_gas,2045,0.0,0.0,0.0
Thermal,GCM,flores_fo2,2020,0.0,0.0,0.0
Thermal,GCM,flores_fo2,2025,0.0,0.0,0.0
Thermal,GCM,flores_fo2,2030,0.0,0.0,0.0
Thermal,GCM,flores_fo2,2035,0.0,0.0,0.0
Thermal,GCM,flores_fo2,2040,0.0,0.0,0.0
Thermal,GCM,flores_fo2,2045,0.0,0.0,0.0
Thermal,GCM,guajira_car,2020,2210.9435884799964,69755270.21654429,0.0
Thermal,GCM,guajira_car,2025,2210.9435884799964,69755270.21654429,0.0
Thermal,GCM,guajira_car,2030,1648.5625664593858,52012148.971793786,0.0
Thermal,GCM,guajira_car,2035,2210.9435884799964,69755270.21654429,0.0
Thermal,GCM,guajira_car,2040,1535.8602813420414,48456391.876341514,0.0
Thermal,GCM,guajira_car,2045,1853.7090259065776,58484519.76735276,0.0
Thermal,GCM,guajira_gas,2020,0.0,0.0,0.0
Thermal,GCM,guajira_gas,2025,0.0,0.0,0.0
Thermal,GCM,guajira_gas,2030,0.0,0.0,0.0
Thermal,GCM,guajira_gas,2035,0.0,0.0,0.0
Thermal,GCM,guajira_gas,2040,0.0,0.0,0.0
Thermal,GCM,guajira_gas,2045,0.0,0.0,0.0
Thermal,HTC,barranquilla_gas,2020,21.36419999999986,577474.3259999966,0.0
Thermal,HTC,barranquilla_gas,2025,21.364199999999848,577474.3259999959,0.0
Thermal,HTC,barranquilla_gas,2030,16.02314999999987,433105.74449999654,0.0
Thermal,HTC,barranquilla_gas,2035,21.364199999999947,577474.325999999,0.0
Thermal,HTC,barranquilla_gas,2040,10.682099999999897,288737.1629999974,0.0
Thermal,HTC,barranquilla_gas,2045,10.682099999999942,288737.1629999984,0.0
Thermal,MET-GUAV,termoyopal_gas,2020,0.0,0.0,0.0
Thermal,MET-GUAV,termoyopal_gas,2025,0.0,0.0,0.0
Thermal,MET-GUAV,termoyopal_gas,2030,0.0,0.0,0.0
Thermal,MET-GUAV,termoyopal_gas,2035,0.0,0.0,0.0
Thermal,MET-GUAV,termoyopal_gas,2040,0.0,0.0,0.0
Thermal,MET-GUAV,termoyopal_gas,2045,0.0,0.0,0.0
Thermal,NSANT,tasajero_car,2020,2592.0888047999956,81780401.79144,0.0
Thermal,NSANT,tasajero_car,2025,2592.0888047999956,81780401.79144001,0.0
Thermal,NSANT,tasajero_car,2030,2592.0888047999956,81780401.79144,0.0
Thermal,NSANT,tasajero_car,2035,2592.0888047999956,81780401.79144,0.0
Thermal,NSANT,tasajero_car,2040,1969.0919335779267,62124850.50438362,0.0
Thermal,NSANT,tasajero_car,2045,2592.0888047999956,81780401.79144002,0.0
Thermal,SANT-ARA,merielectrica_gas,2020,0.0,0.0,0.0
Thermal,SANT-ARA,merielectrica_gas,2025,0.0,0.0,0.0
Thermal,SANT-ARA,merielectrica_gas,2030,0.0,0.0,0.0
Thermal,SANT-ARA,merielectrica_gas,2035,0.0,0.0,0.0
Thermal,SANT-ARA,merielectrica_gas,2040,0.0,0.0,0.0
Thermal,SANT-ARA,merielectrica_gas,2045,0.0,0.0,0.0
Thermal,SANT-ARA,termocentro_gas,2020,0.0,0.0,0.0
Thermal,SANT-ARA,termocentro_gas,2025,0.0,0.0,0.0
Thermal,SANT-ARA,termocentro_gas,2030,0.0,0.0,0.0
Thermal,SANT-ARA,termocentro_gas,2035,0.0,0.0,0.0
Thermal,SANT-ARA,termocentro_gas,2040,0.0,0.0,0.0
Thermal,SANT-ARA,termocentro_gas,2045,0.0,0.0,0.0
Thermal,SANT-ARA,termocentro_ja1,2020,0.0,0.0,0.0
Thermal,SANT-ARA,termocentro_ja1,2025,0.0,0.0,0.0
Thermal,SANT-ARA,termocentro_ja1,2030,0.0,0.0,0.0
Thermal,SANT-ARA,termocentro_ja1,2035,0.0,0.0,0.0
Thermal,SANT-ARA,termocentro_ja1,2040,0.0,0.0,0.0
Thermal,SANT-ARA,termocentro_ja1,2045,0.0,0.0,0.0
Thermal,VALLE,termovalle_cmp2,2020,0.0,0.0,0.0
Thermal,VALLE,termovalle_cmp2,2025,0.0,0.0,0.0
Thermal,VALLE,termovalle_cmp2,2030,0.0,0.0,0.0
Thermal,VALLE,termovalle_cmp2,2035,0.0,0.0,0.0
Thermal,VALLE,termovalle_cmp2,2040,0.0,0.0,0.0
Thermal,VALLE,termovalle_cmp2,2045,0.0,0.0,0.0
Thermal,VALLE,termovalle_gas,2020,0.0,0.0,0.0
Thermal,VALLE,termovalle_gas,2025,0.0,0.0,0.0
Thermal,VALLE,termovalle_gas,2030,0.0,0.0,0.0
Thermal,VALLE,termovalle_gas,2035,0.0,0.0,0.0
Thermal,VALLE,termovalle_gas,2040,0.0,0.0,0.0
Thermal,VALLE,termovalle_gas,2045,0.0,0.0,0.0
pv-solar,ANT-CHO,Solar,2020,437.8538007438486,0.0,0.0
pv-solar,ANT-CHO,Solar,2025,632.4554899633371,0.0,0.0
pv-solar,ANT-CHO,Solar,2030,827.0571791828254,0.0,0.0
pv-solar,ANT-CHO,Solar,2035,1021.6588684023145,0.0,0.0
pv-solar,ANT-CHO,Solar,2040,1167.6101353169315,0.0,0.0
pv-solar,ANT-CHO,Solar,2045,1313.5614022315467,0.0,0.0
pv-solar,ATLANTICO,Solar,2020,437.8538007438487,0.0,0.0
pv-solar,ATLANTICO,Solar,2025,632.4554899633371,0.0,0.0
pv-solar,ATLANTICO,Solar,2030,827.0571791828252,0.0,0.0
pv-solar,ATLANTICO,Solar,2035,1021.6588684023143,0.0,0.0
pv-solar,ATLANTICO,Solar,2040,1167.6101353169313,0.0,0.0
pv-solar,ATLANTICO,Solar,2045,1313.5614022315467,0.0,0.0
pv-solar,BOG-CUN,Solar,2020,0.0,0.0,0.0
pv-solar,BOG-CUN,Solar,2025,0.0,0.0,0.0
pv-solar,BOG-CUN,Solar,2030,0.0,0.0,0.0
pv-solar,BOG-CUN,Solar,2035,0.0,0.0,0.0
pv-solar,BOG-CUN,Solar,2040,0.0,0.0,0.0
pv-solar,BOG-CUN,Solar,2045,0.0,0.0,0.0
pv-solar,BOLIVAR,Solar,2020,437.85380074384875,0.0,0.0
pv-solar,BOLIVAR,Solar,2025,632.455489963337,0.0,0.0
pv-solar,BOLIVAR,Solar,2030,827.0571791828255,0.0,0.0
pv-solar,BOLIVAR,Solar,2035,1021.6588684023142,0.0,0.0
pv-solar,BOLIVAR,Solar,2040,1167.6101353169313,0.0,0.0
pv-solar,BOLIVAR,Solar,2045,1313.5614022315467,0.0,0.0
pv-solar,BOY-CAS,Solar,2020,437.8538007438487,0.0,0.0
pv-solar,BOY-CAS,Solar,2025,486.5042230487207,0.0,0.0
pv-solar,BOY-CAS,Solar,2030,486.50422304872126,0.0,0.0
pv-solar,BOY-CAS,Solar,2035,486.50422304872126,0.0,0.0
pv-solar,BOY-CAS,Solar,2040,486.5042230487207,0.0,0.0
pv-solar,BOY-CAS,Solar,2045,486.50422304872063,0.0,0.0
pv-solar,CAUCA,Solar,2020,437.8538007438487,0.0,0.0
pv-solar,CAUCA,Solar,2025,632.455489963337,0.0,0.0
pv-solar,CAUCA,Solar,2030,729.7563345730816,0.0,0.0
pv-solar,CAUCA,Solar,2035,729.7563345730816,0.0,0.0
pv-solar,CAUCA,Solar,2040,729.7563345730822,0.0,0.0
pv-solar,CAUCA,Solar,2045,729.7563345730812,0.0,0.0
pv-solar,COR-SUC,Solar,2020,437.8538007438487,0.0,0.0
pv-solar,COR-SUC,Solar,2025,632.455489963337,0.0,0.0
pv-solar,COR-SUC,Solar,2030,827.0571791828257,0.0,0.0
pv-solar,COR-SUC,Solar,2035,1021.6588684023143,0.0,0.0
pv-solar,COR-SUC,Solar,2040,1167.6101353169313,0.0,0.0
pv-solar,COR-SUC,Solar,2045,1313.5614022315465,0.0,0.0
pv-solar,CQR,Solar,2020,437.8538007438487,0.0,0.0
pv-solar,CQR,Solar,2025,486.50422304872075,0.0,0.0
pv-solar,CQR,Solar,2030,486.50422304872126,0.0,0.0
pv-solar,CQR,Solar,2035,486.50422304872114,0.0,0.0
pv-solar,CQR,Solar,2040,486.50422304872075,0.0,0.0
pv-solar,CQR,Solar,2045,486.5042230487207,0.0,0.0
pv-solar,GCM,Solar,2020,437.8538007438487,0.0,0.0
pv-solar,GCM,Solar,2025,632.4554899633371,0.0,0.0
pv-solar,GCM,Solar,2030,827.0571791828256,0.0,0.0
pv-solar,GCM,Solar,2035,1021.6588684023143,0.0,0.0
pv-solar,GCM,Solar,2040,1167.6101353169313,0.0,0.0
pv-solar,GCM,Solar,2045,1313.5614022315467,0.0,0.0
pv-solar,HTC,Solar,2020,437.8538007438488,0.0,0.0
pv-solar,HTC,Solar,2025,632.4554899633371,0.0,0.0
pv-solar,HTC,Solar,2030,729.7563345730816,0.0,0.0
pv-solar,HTC,Solar,2035,729.7563345730814,0.0,0.0
pv-solar,HTC,Solar,2040,729.7563345730822,0.0,0.0
pv-solar,HTC,Solar,2045,729.7563345730812,0.0,0.0
pv-solar,MET-GUAV,Solar,2020,243.25211152436037,0.0,0.0
pv-solar,MET-GUAV,Solar,2025,243.25211152436034,0.0,0.0
pv-solar,MET-GUAV,Solar,2030,243.25211152436037,0.0,0.0
pv-solar,MET-GUAV,Solar,2035,243.25211152436034,0.0,0.0
pv-solar,MET-GUAV,Solar,2040,243.25211152436034,0.0,0.0
pv-solar,MET-GUAV,Solar,2045,243.25211152436034,0.0,0.0
pv-solar,NAR-PUT,Solar,2020,437.8538007438486,0.0,0.0
pv-solar,NAR-PUT,Solar,2025,486.5042230487208,0.0,0.0
pv-solar,NAR-PUT,Solar,2030,486.50422304872126,0.0,0.0
pv-solar,NAR-PUT,Solar,2035,486.5042230487213,0.0,0.0
pv-solar,NAR-PUT,Solar,2040,486.50422304872075,0.0,0.0
pv-solar,NAR-PUT,Solar,2045,486.50422304872075,0.0,0.0
pv-solar,NSANT,Solar,2020,437.85380074384875,0.0,0.0
pv-solar,NSANT,Solar,2025,486.50422304872063,0.0,0.0
pv-solar,NSANT,Solar,2030,486.50422304872114,0.0,0.0
pv-solar,NSANT,Solar,2035,486.5042230487212,0.0,0.0
pv-solar,NSANT,Solar,2040,486.5042230487207,0.0,0.0
pv-solar,NSANT,Solar,2045,486.50422304872063,0.0,0.0
pv-solar,SANT-ARA,Solar,2020,437.85380074384875,0.0,0.0
pv-solar,SANT-ARA,Solar,2025,632.4554899633371,0.0,0.0
pv-solar,SANT-ARA,Solar,2030,827.0571791828254,0.0,0.0
pv-solar,SANT-ARA,Solar,2035,973.0084460974421,0.0,0.0
pv-solar,SANT-ARA,Solar,2040,973.0084460974417,0.0,0.0
pv-solar,SANT-ARA,Solar,2045,973.0084460974427,0.0,0.0
pv-solar,VALLE,Solar,2020,437.8538007438487,0.0,0.0
pv-solar,VALLE,Solar,2025,632.4554899633371,0.0,0.0
pv-solar,VALLE,Solar,2030,827.0571791828255,0.0,0.0
pv-solar,VALLE,Solar,2035,1021.6588684023143,0.0,0.0
pv-solar,VALLE,Solar,2040,1167.610135316931,0.0,0.0
pv-solar,VALLE,Solar,2045,1313.561402231546,0.0,0.0
