GENERATION_PROJECT,PERIOD,gen_tech,gen_load_zone,gen_energy_source,GenCapacity,GenCapitalCosts,GenFixedOMCosts
AGUAFRESCA,2020,Menores,ANT-CHO,RunofRiver,7.29,637.144,7158.78
AGUAFRESCA,2025,Menores,ANT-CHO,RunofRiver,7.29,637.144,7158.78
AGUAFRESCA,2030,Menores,ANT-CHO,RunofRiver,7.29,637.144,7158.78
AGUAFRESCA,2035,Menores,ANT-CHO,RunofRiver,7.29,637.144,7158.78
AGUAFRESCA,2040,Menores,ANT-CHO,RunofRiver,7.29,637.144,7158.78
AGUAFRESCA,2045,Menores,ANT-CHO,RunofRiver,7.29,637.144,7158.78
ALEJANDRIA,2020,Menores,ANT-CHO,RunofRiver,15,1312.05,14715
ALEJANDRIA,2025,Menores,ANT-CHO,RunofRiver,15,1312.05,14715
ALEJANDRIA,2030,Menores,ANT-CHO,RunofRiver,15,1312.05,14715
ALEJANDRIA,2035,Menores,ANT-CHO,RunofRiver,15,1312.05,14715
ALEJANDRIA,2040,Menores,ANT-CHO,RunofRiver,15,1312.05,14715
ALEJANDRIA,2045,Menores,ANT-CHO,RunofRiver,15,1312.05,14715
ALTOANCHICAY,2020,Hidro,VALLE,Water,355,31076.8,347900
ALTOANCHICAY,2025,Hidro,VALLE,Water,355,31076.8,347900
ALTOANCHICAY,2030,Hidro,VALLE,Water,355,31076.8,347900
ALTOANCHICAY,2035,Hidro,VALLE,Water,355,31076.8,347900
ALTOANCHICAY,2040,Hidro,VALLE,Water,355,31076.8,347900
ALTOANCHICAY,2045,Hidro,VALLE,Water,355,31076.8,347900
AMAIME,2020,Menores,VALLE,RunofRiver,19.17,1679.5,18767.4
AMAIME,2025,Menores,VALLE,RunofRiver,19.17,1679.5,18767.4
AMAIME,2030,Menores,VALLE,RunofRiver,19.17,1679.5,18767.4
AMAIME,2035,Menores,VALLE,RunofRiver,19.17,1679.5,18767.4
AMAIME,2040,Menores,VALLE,RunofRiver,19.17,1679.5,18767.4
AMAIME,2045,Menores,VALLE,RunofRiver,19.17,1679.5,18767.4
AMOYA,2020,Hidro,HTC,Water,80,7014.48,78240
AMOYA,2025,Hidro,HTC,Water,80,7014.48,78240
AMOYA,2030,Hidro,HTC,Water,80,7014.48,78240
AMOYA,2035,Hidro,HTC,Water,80,7014.48,78240
AMOYA,2040,Hidro,HTC,Water,80,7014.48,78240
AMOYA,2045,Hidro,HTC,Water,80,7014.48,78240
AUT_ARGOCGNA,2020,Auto-Cog,BOLIVAR,NONE,9.9,6.89143,722.7
AUT_ARGOCGNA,2025,Auto-Cog,BOLIVAR,NONE,9.9,6.89143,722.7
AUT_ARGOCGNA,2030,Auto-Cog,BOLIVAR,NONE,9.9,6.89143,722.7
AUT_ARGOCGNA,2035,Auto-Cog,BOLIVAR,NONE,9.9,6.89143,722.7
AUT_ARGOCGNA,2040,Auto-Cog,BOLIVAR,NONE,9.9,6.89143,722.7
AUT_ARGOCGNA,2045,Auto-Cog,BOLIVAR,NONE,9.9,6.89143,722.7
AUT_ARGOYUMB,2020,Auto-Cog,VALLE,NONE,9.9,6.89143,722.7
AUT_ARGOYUMB,2025,Auto-Cog,VALLE,NONE,9.9,6.89143,722.7
AUT_ARGOYUMB,2030,Auto-Cog,VALLE,NONE,9.9,6.89143,722.7
AUT_ARGOYUMB,2035,Auto-Cog,VALLE,NONE,9.9,6.89143,722.7
AUT_ARGOYUMB,2040,Auto-Cog,VALLE,NONE,9.9,6.89143,722.7
AUT_ARGOYUMB,2045,Auto-Cog,VALLE,NONE,9.9,6.89143,722.7
AUT_REFICAR,2020,Auto-Cog,BOLIVAR,NONE,9.9,6.89143,722.7
AUT_REFICAR,2025,Auto-Cog,BOLIVAR,NONE,9.9,6.89143,722.7
AUT_REFICAR,2030,Auto-Cog,BOLIVAR,NONE,9.9,6.89143,722.7
AUT_REFICAR,2035,Auto-Cog,BOLIVAR,NONE,9.9,6.89143,722.7
AUT_REFICAR,2040,Auto-Cog,BOLIVAR,NONE,9.9,6.89143,722.7
AUT_REFICAR,2045,Auto-Cog,BOLIVAR,NONE,9.9,6.89143,722.7
AUT_UNIBOL,2020,Auto-Cog,ATLANTICO,NONE,1.1,0.0850794,80.3
AUT_UNIBOL,2025,Auto-Cog,ATLANTICO,NONE,1.1,0.0850794,80.3
AUT_UNIBOL,2030,Auto-Cog,ATLANTICO,NONE,1.1,0.0850794,80.3
AUT_UNIBOL,2035,Auto-Cog,ATLANTICO,NONE,1.1,0.0850794,80.3
AUT_UNIBOL,2040,Auto-Cog,ATLANTICO,NONE,1.1,0.0850794,80.3
AUT_UNIBOL,2045,Auto-Cog,ATLANTICO,NONE,1.1,0.0850794,80.3
AUT_YAGUARIT,2020,Auto-Cog,MET-GUAV,NONE,1.6,0.180003,116.8
AUT_YAGUARIT,2025,Auto-Cog,MET-GUAV,NONE,1.6,0.180003,116.8
AUT_YAGUARIT,2030,Auto-Cog,MET-GUAV,NONE,1.6,0.180003,116.8
AUT_YAGUARIT,2035,Auto-Cog,MET-GUAV,NONE,1.6,0.180003,116.8
AUT_YAGUARIT,2040,Auto-Cog,MET-GUAV,NONE,1.6,0.180003,116.8
AUT_YAGUARIT,2045,Auto-Cog,MET-GUAV,NONE,1.6,0.180003,116.8
BAJOANCHICAY,2020,Hidro,VALLE,Water,74,6519.62,71928
BAJOANCHICAY,2025,Hidro,VALLE,Water,74,6519.62,71928
BAJOANCHICAY,2030,Hidro,VALLE,Water,74,6519.62,71928
BAJOANCHICAY,2035,Hidro,VALLE,Water,74,6519.62,71928
BAJOANCHICAY,2040,Hidro,VALLE,Water,74,6519.62,71928
BAJOANCHICAY,2045,Hidro,VALLE,Water,74,6519.62,71928
BARRANQUILLA3,2020,Thermal,ATLANTICO,barranquilla_gas,64,5643.09,62144
BARRANQUILLA3,2025,Thermal,ATLANTICO,barranquilla_gas,64,5643.09,62144
BARRANQUILLA3,2030,Thermal,ATLANTICO,barranquilla_gas,64,5643.09,62144
BARRANQUILLA3,2035,Thermal,ATLANTICO,barranquilla_gas,64,5643.09,62144
BARRANQUILLA3,2040,Thermal,ATLANTICO,barranquilla_gas,64,5643.09,62144
BARRANQUILLA3,2045,Thermal,ATLANTICO,barranquilla_gas,64,5643.09,62144
BARRANQUILLA3_FO6,2020,Thermal,ATLANTICO,barranquilla_fo6,55,4853.39,53350
BARRANQUILLA3_FO6,2025,Thermal,ATLANTICO,barranquilla_fo6,55,4853.39,53350
BARRANQUILLA3_FO6,2030,Thermal,ATLANTICO,barranquilla_fo6,55,4853.39,53350
BARRANQUILLA3_FO6,2035,Thermal,ATLANTICO,barranquilla_fo6,55,4853.39,53350
BARRANQUILLA3_FO6,2040,Thermal,ATLANTICO,barranquilla_fo6,55,4853.39,53350
BARRANQUILLA3_FO6,2045,Thermal,ATLANTICO,barranquilla_fo6,55,4853.39,53350
BARRANQUILLA4,2020,Thermal,ATLANTICO,barranquilla_gas,63,5563.77,61047
BARRANQUILLA4,2025,Thermal,ATLANTICO,barranquilla_gas,63,5563.77,61047
BARRANQUILLA4,2030,Thermal,ATLANTICO,barranquilla_gas,63,5563.77,61047
BARRANQUILLA4,2035,Thermal,ATLANTICO,barranquilla_gas,63,5563.77,61047
BARRANQUILLA4,2040,Thermal,ATLANTICO,barranquilla_gas,63,5563.77,61047
BARRANQUILLA4,2045,Thermal,ATLANTICO,barranquilla_gas,63,5563.77,61047
BARRANQUILLA4_FO6,2020,Thermal,ATLANTICO,barranquilla_fo6,55,4861.13,53240
BARRANQUILLA4_FO6,2025,Thermal,ATLANTICO,barranquilla_fo6,55,4861.13,53240
BARRANQUILLA4_FO6,2030,Thermal,ATLANTICO,barranquilla_fo6,55,4861.13,53240
BARRANQUILLA4_FO6,2035,Thermal,ATLANTICO,barranquilla_fo6,55,4861.13,53240
BARRANQUILLA4_FO6,2040,Thermal,ATLANTICO,barranquilla_fo6,55,4861.13,53240
BARRANQUILLA4_FO6,2045,Thermal,ATLANTICO,barranquilla_fo6,55,4861.13,53240
BARROSO,2020,Menores,ANT-CHO,RunofRiver,19.9,1760.24,19243.3
BARROSO,2025,Menores,ANT-CHO,RunofRiver,19.9,1760.24,19243.3
BARROSO,2030,Menores,ANT-CHO,RunofRiver,19.9,1760.24,19243.3
BARROSO,2035,Menores,ANT-CHO,RunofRiver,19.9,1760.24,19243.3
BARROSO,2040,Menores,ANT-CHO,RunofRiver,19.9,1760.24,19243.3
BARROSO,2045,Menores,ANT-CHO,RunofRiver,19.9,1760.24,19243.3
BETANIA,2020,Hidro,HTC,Water,540,47803.4,521640
BETANIA,2025,Hidro,HTC,Water,540,47803.4,521640
BETANIA,2030,Hidro,HTC,Water,540,47803.4,521640
BETANIA,2035,Hidro,HTC,Water,540,47803.4,521640
BETANIA,2040,Hidro,HTC,Water,540,47803.4,521640
BETANIA,2045,Hidro,HTC,Water,540,47803.4,521640
BIOG-TEQUENDAMA,2020,Auto-Cog,GCM,NONE,2.25,0.355962,137.25
BIOG-TEQUENDAMA,2025,Auto-Cog,GCM,NONE,2.25,0.355962,137.25
BIOG-TEQUENDAMA,2030,Auto-Cog,GCM,NONE,2.25,0.355962,137.25
BIOG-TEQUENDAMA,2035,Auto-Cog,GCM,NONE,2.25,0.355962,137.25
BIOG-TEQUENDAMA,2040,Auto-Cog,GCM,NONE,2.25,0.355962,137.25
BIOG-TEQUENDAMA,2045,Auto-Cog,GCM,NONE,2.25,0.355962,137.25
BIOG_DJUANA,2020,Auto-Cog,BOG-CUN,NONE,1.7,0.203206,103.7
BIOG_DJUANA,2025,Auto-Cog,BOG-CUN,NONE,1.7,0.203206,103.7
BIOG_DJUANA,2030,Auto-Cog,BOG-CUN,NONE,1.7,0.203206,103.7
BIOG_DJUANA,2035,Auto-Cog,BOG-CUN,NONE,1.7,0.203206,103.7
BIOG_DJUANA,2040,Auto-Cog,BOG-CUN,NONE,1.7,0.203206,103.7
BIOG_DJUANA,2045,Auto-Cog,BOG-CUN,NONE,1.7,0.203206,103.7
CALDERAS,2020,Hidro,ANT-CHO,Water,19.9,1767.24,19143.8
CALDERAS,2025,Hidro,ANT-CHO,Water,19.9,1767.24,19143.8
CALDERAS,2030,Hidro,ANT-CHO,Water,19.9,1767.24,19143.8
CALDERAS,2035,Hidro,ANT-CHO,Water,19.9,1767.24,19143.8
CALDERAS,2040,Hidro,ANT-CHO,Water,19.9,1767.24,19143.8
CALDERAS,2045,Hidro,ANT-CHO,Water,19.9,1767.24,19143.8
CALIMA,2020,Hidro,VALLE,Water,132,11731.7,126852
CALIMA,2025,Hidro,VALLE,Water,132,11731.7,126852
CALIMA,2030,Hidro,VALLE,Water,132,11731.7,126852
CALIMA,2035,Hidro,VALLE,Water,132,11731.7,126852
CALIMA,2040,Hidro,VALLE,Water,132,11731.7,126852
CALIMA,2045,Hidro,VALLE,Water,132,11731.7,126852
CANA,2020,Menores,VALLE,RunofRiver,24.62,2191.6,23610.6
CANA,2025,Menores,VALLE,RunofRiver,24.62,2191.6,23610.6
CANA,2030,Menores,VALLE,RunofRiver,24.62,2191.6,23610.6
CANA,2035,Menores,VALLE,RunofRiver,24.62,2191.6,23610.6
CANA,2040,Menores,VALLE,RunofRiver,24.62,2191.6,23610.6
CANA,2045,Menores,VALLE,RunofRiver,24.62,2191.6,23610.6
CANDELARIA1,2020,Thermal,BOLIVAR,cartagena_gas,157,13986.7,150406
CANDELARIA1,2025,Thermal,BOLIVAR,cartagena_gas,157,13986.7,150406
CANDELARIA1,2030,Thermal,BOLIVAR,cartagena_gas,157,13986.7,150406
CANDELARIA1,2035,Thermal,BOLIVAR,cartagena_gas,157,13986.7,150406
CANDELARIA1,2040,Thermal,BOLIVAR,cartagena_gas,157,13986.7,150406
CANDELARIA1,2045,Thermal,BOLIVAR,cartagena_gas,157,13986.7,150406
CANDELARIA1_FO2,2020,Thermal,BOLIVAR,candelaria_fo2,154,13730.3,147378
CANDELARIA1_FO2,2025,Thermal,BOLIVAR,candelaria_fo2,154,13730.3,147378
CANDELARIA1_FO2,2030,Thermal,BOLIVAR,candelaria_fo2,154,13730.3,147378
CANDELARIA1_FO2,2035,Thermal,BOLIVAR,candelaria_fo2,154,13730.3,147378
CANDELARIA1_FO2,2040,Thermal,BOLIVAR,candelaria_fo2,154,13730.3,147378
CANDELARIA1_FO2,2045,Thermal,BOLIVAR,candelaria_fo2,154,13730.3,147378
CANDELARIA2,2020,Thermal,BOLIVAR,cartagena_gas,157,14008.8,150092
CANDELARIA2,2025,Thermal,BOLIVAR,cartagena_gas,157,14008.8,150092
CANDELARIA2,2030,Thermal,BOLIVAR,cartagena_gas,157,14008.8,150092
CANDELARIA2,2035,Thermal,BOLIVAR,cartagena_gas,157,14008.8,150092
CANDELARIA2,2040,Thermal,BOLIVAR,cartagena_gas,157,14008.8,150092
CANDELARIA2,2045,Thermal,BOLIVAR,cartagena_gas,157,14008.8,150092
CANDELARIA2_FO2,2020,Thermal,BOLIVAR,candelaria_fo2,155,13841.2,148025
CANDELARIA2_FO2,2025,Thermal,BOLIVAR,candelaria_fo2,155,13841.2,148025
CANDELARIA2_FO2,2030,Thermal,BOLIVAR,candelaria_fo2,155,13841.2,148025
CANDELARIA2_FO2,2035,Thermal,BOLIVAR,candelaria_fo2,155,13841.2,148025
CANDELARIA2_FO2,2040,Thermal,BOLIVAR,candelaria_fo2,155,13841.2,148025
CANDELARIA2_FO2,2045,Thermal,BOLIVAR,candelaria_fo2,155,13841.2,148025
CARTAGENA1,2020,Thermal,BOLIVAR,cartagena_gas,61,5451.48,58194
CARTAGENA1,2025,Thermal,BOLIVAR,cartagena_gas,61,5451.48,58194
CARTAGENA1,2030,Thermal,BOLIVAR,cartagena_gas,61,5451.48,58194
CARTAGENA1,2035,Thermal,BOLIVAR,cartagena_gas,61,5451.48,58194
CARTAGENA1,2040,Thermal,BOLIVAR,cartagena_gas,61,5451.48,58194
CARTAGENA1,2045,Thermal,BOLIVAR,cartagena_gas,61,5451.48,58194
CARTAGENA1_FO6,2020,Thermal,BOLIVAR,cartagena_fo6,60.9,5446.83,58037.7
CARTAGENA1_FO6,2025,Thermal,BOLIVAR,cartagena_fo6,60.9,5446.83,58037.7
CARTAGENA1_FO6,2030,Thermal,BOLIVAR,cartagena_fo6,60.9,5446.83,58037.7
CARTAGENA1_FO6,2035,Thermal,BOLIVAR,cartagena_fo6,60.9,5446.83,58037.7
CARTAGENA1_FO6,2040,Thermal,BOLIVAR,cartagena_fo6,60.9,5446.83,58037.7
CARTAGENA1_FO6,2045,Thermal,BOLIVAR,cartagena_fo6,60.9,5446.83,58037.7
CARTAGENA2,2020,Thermal,BOLIVAR,cartagena_gas,60,5370.55,57120
CARTAGENA2,2025,Thermal,BOLIVAR,cartagena_gas,60,5370.55,57120
CARTAGENA2,2030,Thermal,BOLIVAR,cartagena_gas,60,5370.55,57120
CARTAGENA2,2035,Thermal,BOLIVAR,cartagena_gas,60,5370.55,57120
CARTAGENA2,2040,Thermal,BOLIVAR,cartagena_gas,60,5370.55,57120
CARTAGENA2,2045,Thermal,BOLIVAR,cartagena_gas,60,5370.55,57120
CARTAGENA2_FO6,2020,Thermal,BOLIVAR,cartagena_fo6,60,5374.77,57060
CARTAGENA2_FO6,2025,Thermal,BOLIVAR,cartagena_fo6,60,5374.77,57060
CARTAGENA2_FO6,2030,Thermal,BOLIVAR,cartagena_fo6,60,5374.77,57060
CARTAGENA2_FO6,2035,Thermal,BOLIVAR,cartagena_fo6,60,5374.77,57060
CARTAGENA2_FO6,2040,Thermal,BOLIVAR,cartagena_fo6,60,5374.77,57060
CARTAGENA2_FO6,2045,Thermal,BOLIVAR,cartagena_fo6,60,5374.77,57060
CARTAGENA3,2020,Thermal,BOLIVAR,cartagena_gas,66,5916.89,62700
CARTAGENA3,2025,Thermal,BOLIVAR,cartagena_gas,66,5916.89,62700
CARTAGENA3,2030,Thermal,BOLIVAR,cartagena_gas,66,5916.89,62700
CARTAGENA3,2035,Thermal,BOLIVAR,cartagena_gas,66,5916.89,62700
CARTAGENA3,2040,Thermal,BOLIVAR,cartagena_gas,66,5916.89,62700
CARTAGENA3,2045,Thermal,BOLIVAR,cartagena_gas,66,5916.89,62700
CARTAGENA3_FO6,2020,Thermal,BOLIVAR,cartagena_fo6,65.89,5911.66,62529.6
CARTAGENA3_FO6,2025,Thermal,BOLIVAR,cartagena_fo6,65.89,5911.66,62529.6
CARTAGENA3_FO6,2030,Thermal,BOLIVAR,cartagena_fo6,65.89,5911.66,62529.6
CARTAGENA3_FO6,2035,Thermal,BOLIVAR,cartagena_fo6,65.89,5911.66,62529.6
CARTAGENA3_FO6,2040,Thermal,BOLIVAR,cartagena_fo6,65.89,5911.66,62529.6
CARTAGENA3_FO6,2045,Thermal,BOLIVAR,cartagena_fo6,65.89,5911.66,62529.6
CARUQUIA,2020,Menores,ANT-CHO,RunofRiver,9.5,853.009,9006
CARUQUIA,2025,Menores,ANT-CHO,RunofRiver,9.5,853.009,9006
CARUQUIA,2030,Menores,ANT-CHO,RunofRiver,9.5,853.009,9006
CARUQUIA,2035,Menores,ANT-CHO,RunofRiver,9.5,853.009,9006
CARUQUIA,2040,Menores,ANT-CHO,RunofRiver,9.5,853.009,9006
CARUQUIA,2045,Menores,ANT-CHO,RunofRiver,9.5,853.009,9006
CC_FLORES4,2020,Thermal,ATLANTICO,flores_gas,450,40437.3,426150
CC_FLORES4,2025,Thermal,ATLANTICO,flores_gas,450,40437.3,426150
CC_FLORES4,2030,Thermal,ATLANTICO,flores_gas,450,40437.3,426150
CC_FLORES4,2035,Thermal,ATLANTICO,flores_gas,450,40437.3,426150
CC_FLORES4,2040,Thermal,ATLANTICO,flores_gas,450,40437.3,426150
CC_FLORES4,2045,Thermal,ATLANTICO,flores_gas,450,40437.3,426150
CC_FLORES4_FO2,2020,Thermal,ATLANTICO,flores_fo2,450,40469,425700
CC_FLORES4_FO2,2025,Thermal,ATLANTICO,flores_fo2,450,40469,425700
CC_FLORES4_FO2,2030,Thermal,ATLANTICO,flores_fo2,450,40469,425700
CC_FLORES4_FO2,2035,Thermal,ATLANTICO,flores_fo2,450,40469,425700
CC_FLORES4_FO2,2040,Thermal,ATLANTICO,flores_fo2,450,40469,425700
CC_FLORES4_FO2,2045,Thermal,ATLANTICO,flores_fo2,450,40469,425700
CHIVOR,2020,Hidro,BOG-CUN,Water,1000,90071.7,944000
CHIVOR,2025,Hidro,BOG-CUN,Water,1000,90071.7,944000
CHIVOR,2030,Hidro,BOG-CUN,Water,1000,90071.7,944000
CHIVOR,2035,Hidro,BOG-CUN,Water,1000,90071.7,944000
CHIVOR,2040,Hidro,BOG-CUN,Water,1000,90071.7,944000
CHIVOR,2045,Hidro,BOG-CUN,Water,1000,90071.7,944000
CIMARRON,2020,Thermal,BOY-CAS,barranquilla_gas,19.9,1795.23,18745.8
CIMARRON,2025,Thermal,BOY-CAS,barranquilla_gas,19.9,1795.23,18745.8
CIMARRON,2030,Thermal,BOY-CAS,barranquilla_gas,19.9,1795.23,18745.8
CIMARRON,2035,Thermal,BOY-CAS,barranquilla_gas,19.9,1795.23,18745.8
CIMARRON,2040,Thermal,BOY-CAS,barranquilla_gas,19.9,1795.23,18745.8
CIMARRON,2045,Thermal,BOY-CAS,barranquilla_gas,19.9,1795.23,18745.8
COG_COLTEJER,2020,Auto-Cog,ANT-CHO,NONE,9.4,6.21291,347.8
COG_COLTEJER,2025,Auto-Cog,ANT-CHO,NONE,9.4,6.21291,347.8
COG_COLTEJER,2030,Auto-Cog,ANT-CHO,NONE,9.4,6.21291,347.8
COG_COLTEJER,2035,Auto-Cog,ANT-CHO,NONE,9.4,6.21291,347.8
COG_COLTEJER,2040,Auto-Cog,ANT-CHO,NONE,9.4,6.21291,347.8
COG_COLTEJER,2045,Auto-Cog,ANT-CHO,NONE,9.4,6.21291,347.8
COG_INCAUCA,2020,Auto-Cog,CAUCA,NONE,10,7.03136,370
COG_INCAUCA,2025,Auto-Cog,CAUCA,NONE,10,7.03136,370
COG_INCAUCA,2030,Auto-Cog,CAUCA,NONE,10,7.03136,370
COG_INCAUCA,2035,Auto-Cog,CAUCA,NONE,10,7.03136,370
COG_INCAUCA,2040,Auto-Cog,CAUCA,NONE,10,7.03136,370
COG_INCAUCA,2045,Auto-Cog,CAUCA,NONE,10,7.03136,370
COG_MANUELIT,2020,Auto-Cog,VALLE,NONE,3.5,0.861341,129.5
COG_MANUELIT,2025,Auto-Cog,VALLE,NONE,3.5,0.861341,129.5
COG_MANUELIT,2030,Auto-Cog,VALLE,NONE,3.5,0.861341,129.5
COG_MANUELIT,2035,Auto-Cog,VALLE,NONE,3.5,0.861341,129.5
COG_MANUELIT,2040,Auto-Cog,VALLE,NONE,3.5,0.861341,129.5
COG_MANUELIT,2045,Auto-Cog,VALLE,NONE,3.5,0.861341,129.5
COG_MAYAGUEZ,2020,Auto-Cog,VALLE,NONE,19.9,27.8449,736.3
COG_MAYAGUEZ,2025,Auto-Cog,VALLE,NONE,19.9,27.8449,736.3
COG_MAYAGUEZ,2030,Auto-Cog,VALLE,NONE,19.9,27.8449,736.3
COG_MAYAGUEZ,2035,Auto-Cog,VALLE,NONE,19.9,27.8449,736.3
COG_MAYAGUEZ,2040,Auto-Cog,VALLE,NONE,19.9,27.8449,736.3
COG_MAYAGUEZ,2045,Auto-Cog,VALLE,NONE,19.9,27.8449,736.3
COG_PROENCA,2020,Auto-Cog,CAUCA,NONE,19.9,27.8449,736.3
COG_PROENCA,2025,Auto-Cog,CAUCA,NONE,19.9,27.8449,736.3
COG_PROENCA,2030,Auto-Cog,CAUCA,NONE,19.9,27.8449,736.3
COG_PROENCA,2035,Auto-Cog,CAUCA,NONE,19.9,27.8449,736.3
COG_PROENCA,2040,Auto-Cog,CAUCA,NONE,19.9,27.8449,736.3
COG_PROENCA,2045,Auto-Cog,CAUCA,NONE,19.9,27.8449,736.3
COG_PROVIDEN,2020,Auto-Cog,VALLE,NONE,14,13.7815,518
COG_PROVIDEN,2025,Auto-Cog,VALLE,NONE,14,13.7815,518
COG_PROVIDEN,2030,Auto-Cog,VALLE,NONE,14,13.7815,518
COG_PROVIDEN,2035,Auto-Cog,VALLE,NONE,14,13.7815,518
COG_PROVIDEN,2040,Auto-Cog,VALLE,NONE,14,13.7815,518
COG_PROVIDEN,2045,Auto-Cog,VALLE,NONE,14,13.7815,518
COG_RISARALD,2020,Auto-Cog,CQR,NONE,15,15.8206,555
COG_RISARALD,2025,Auto-Cog,CQR,NONE,15,15.8206,555
COG_RISARALD,2030,Auto-Cog,CQR,NONE,15,15.8206,555
COG_RISARALD,2035,Auto-Cog,CQR,NONE,15,15.8206,555
COG_RISARALD,2040,Auto-Cog,CQR,NONE,15,15.8206,555
COG_RISARALD,2045,Auto-Cog,CQR,NONE,15,15.8206,555
CUCUANA,2020,Hidro,HTC,Water,60,5450.71,55980
CUCUANA,2025,Hidro,HTC,Water,60,5450.71,55980
CUCUANA,2030,Hidro,HTC,Water,60,5450.71,55980
CUCUANA,2035,Hidro,HTC,Water,60,5450.71,55980
CUCUANA,2040,Hidro,HTC,Water,60,5450.71,55980
CUCUANA,2045,Hidro,HTC,Water,60,5450.71,55980
C_LLERAS_R,2020,Hidro,ANT-CHO,Water,78,6921.39,75114
C_LLERAS_R,2025,Hidro,ANT-CHO,Water,78,6921.39,75114
C_LLERAS_R,2030,Hidro,ANT-CHO,Water,78,6921.39,75114
C_LLERAS_R,2035,Hidro,ANT-CHO,Water,78,6921.39,75114
C_LLERAS_R,2040,Hidro,ANT-CHO,Water,78,6921.39,75114
C_LLERAS_R,2045,Hidro,ANT-CHO,Water,78,6921.39,75114
DARIO_VALENC,2020,Hidro,BOG-CUN,Water,150,13637.3,139800
DARIO_VALENC,2025,Hidro,BOG-CUN,Water,150,13637.3,139800
DARIO_VALENC,2030,Hidro,BOG-CUN,Water,150,13637.3,139800
DARIO_VALENC,2035,Hidro,BOG-CUN,Water,150,13637.3,139800
DARIO_VALENC,2040,Hidro,BOG-CUN,Water,150,13637.3,139800
DARIO_VALENC,2045,Hidro,BOG-CUN,Water,150,13637.3,139800
ELMORRO1,2020,Thermal,BOY-CAS,termoyopal_gas,19.9,1817.61,18427.4
ELMORRO1,2025,Thermal,BOY-CAS,termoyopal_gas,19.9,1817.61,18427.4
ELMORRO1,2030,Thermal,BOY-CAS,termoyopal_gas,19.9,1817.61,18427.4
ELMORRO1,2035,Thermal,BOY-CAS,termoyopal_gas,19.9,1817.61,18427.4
ELMORRO1,2040,Thermal,BOY-CAS,termoyopal_gas,19.9,1817.61,18427.4
ELMORRO1,2045,Thermal,BOY-CAS,termoyopal_gas,19.9,1817.61,18427.4
ELMORRO2,2020,Thermal,BOY-CAS,termoyopal_gas,19.9,1819.01,18407.5
ELMORRO2,2025,Thermal,BOY-CAS,termoyopal_gas,19.9,1819.01,18407.5
ELMORRO2,2030,Thermal,BOY-CAS,termoyopal_gas,19.9,1819.01,18407.5
ELMORRO2,2035,Thermal,BOY-CAS,termoyopal_gas,19.9,1819.01,18407.5
ELMORRO2,2040,Thermal,BOY-CAS,termoyopal_gas,19.9,1819.01,18407.5
ELMORRO2,2045,Thermal,BOY-CAS,termoyopal_gas,19.9,1819.01,18407.5
ELPOPAL,2020,Menores,ANT-CHO,RunofRiver,19.9,1820.41,18387.6
ELPOPAL,2025,Menores,ANT-CHO,RunofRiver,19.9,1820.41,18387.6
ELPOPAL,2030,Menores,ANT-CHO,RunofRiver,19.9,1820.41,18387.6
ELPOPAL,2035,Menores,ANT-CHO,RunofRiver,19.9,1820.41,18387.6
ELPOPAL,2040,Menores,ANT-CHO,RunofRiver,19.9,1820.41,18387.6
ELPOPAL,2045,Menores,ANT-CHO,RunofRiver,19.9,1820.41,18387.6
EL_QUIMBO,2020,Hidro,HTC,Water,396,36141.7,367092
EL_QUIMBO,2025,Hidro,HTC,Water,396,36141.7,367092
EL_QUIMBO,2030,Hidro,HTC,Water,396,36141.7,367092
EL_QUIMBO,2035,Hidro,HTC,Water,396,36141.7,367092
EL_QUIMBO,2040,Hidro,HTC,Water,396,36141.7,367092
EL_QUIMBO,2045,Hidro,HTC,Water,396,36141.7,367092
EMCALI,2020,Thermal,VALLE,termovalle_gas,229,20964.6,211367
EMCALI,2025,Thermal,VALLE,termovalle_gas,229,20964.6,211367
EMCALI,2030,Thermal,VALLE,termovalle_gas,229,20964.6,211367
EMCALI,2035,Thermal,VALLE,termovalle_gas,229,20964.6,211367
EMCALI,2040,Thermal,VALLE,termovalle_gas,229,20964.6,211367
EMCALI,2045,Thermal,VALLE,termovalle_gas,229,20964.6,211367
EMCALI_FO2,2020,Thermal,VALLE,termovalle_cmp2,213,19514.8,196386
EMCALI_FO2,2025,Thermal,VALLE,termovalle_cmp2,213,19514.8,196386
EMCALI_FO2,2030,Thermal,VALLE,termovalle_cmp2,213,19514.8,196386
EMCALI_FO2,2035,Thermal,VALLE,termovalle_cmp2,213,19514.8,196386
EMCALI_FO2,2040,Thermal,VALLE,termovalle_cmp2,213,19514.8,196386
EMCALI_FO2,2045,Thermal,VALLE,termovalle_cmp2,213,19514.8,196386
ESMERALDA,2020,Hidro,CQR,Water,30,2750.67,27630
ESMERALDA,2025,Hidro,CQR,Water,30,2750.67,27630
ESMERALDA,2030,Hidro,CQR,Water,30,2750.67,27630
ESMERALDA,2035,Hidro,CQR,Water,30,2750.67,27630
ESMERALDA,2040,Hidro,CQR,Water,30,2750.67,27630
ESMERALDA,2045,Hidro,CQR,Water,30,2750.67,27630
EXP_HID_1,2020,Hidro,ANT-CHO,Water,351.77,32302.9,323277
EXP_HID_1,2025,Hidro,ANT-CHO,Water,351.77,32302.9,323277
EXP_HID_1,2030,Hidro,ANT-CHO,Water,351.77,32302.9,323277
EXP_HID_1,2035,Hidro,ANT-CHO,Water,351.77,32302.9,323277
EXP_HID_1,2040,Hidro,ANT-CHO,Water,351.77,32302.9,323277
EXP_HID_1,2045,Hidro,ANT-CHO,Water,351.77,32302.9,323277
FLORES1,2020,Thermal,ATLANTICO,flores_gas,160,14704,146880
FLORES1,2025,Thermal,ATLANTICO,flores_gas,160,14704,146880
FLORES1,2030,Thermal,ATLANTICO,flores_gas,160,14704,146880
FLORES1,2035,Thermal,ATLANTICO,flores_gas,160,14704,146880
FLORES1,2040,Thermal,ATLANTICO,flores_gas,160,14704,146880
FLORES1,2045,Thermal,ATLANTICO,flores_gas,160,14704,146880
FLORES1_FO2,2020,Thermal,ATLANTICO,flores_fo2,153,14071.4,140301
FLORES1_FO2,2025,Thermal,ATLANTICO,flores_fo2,153,14071.4,140301
FLORES1_FO2,2030,Thermal,ATLANTICO,flores_fo2,153,14071.4,140301
FLORES1_FO2,2035,Thermal,ATLANTICO,flores_fo2,153,14071.4,140301
FLORES1_FO2,2040,Thermal,ATLANTICO,flores_fo2,153,14071.4,140301
FLORES1_FO2,2045,Thermal,ATLANTICO,flores_fo2,153,14071.4,140301
GUADALUPE_3,2020,Hidro,ANT-CHO,Water,270,24850.9,247320
GUADALUPE_3,2025,Hidro,ANT-CHO,Water,270,24850.9,247320
GUADALUPE_3,2030,Hidro,ANT-CHO,Water,270,24850.9,247320
GUADALUPE_3,2035,Hidro,ANT-CHO,Water,270,24850.9,247320
GUADALUPE_3,2040,Hidro,ANT-CHO,Water,270,24850.9,247320
GUADALUPE_3,2045,Hidro,ANT-CHO,Water,270,24850.9,247320
GUADALUPE_4,2020,Hidro,ANT-CHO,Water,202,18606.4,184830
GUADALUPE_4,2025,Hidro,ANT-CHO,Water,202,18606.4,184830
GUADALUPE_4,2030,Hidro,ANT-CHO,Water,202,18606.4,184830
GUADALUPE_4,2035,Hidro,ANT-CHO,Water,202,18606.4,184830
GUADALUPE_4,2040,Hidro,ANT-CHO,Water,202,18606.4,184830
GUADALUPE_4,2045,Hidro,ANT-CHO,Water,202,18606.4,184830
GUAJIRA1,2020,Thermal,GCM,guajira_gas,151,13919.3,138014
GUAJIRA1,2025,Thermal,GCM,guajira_gas,151,13919.3,138014
GUAJIRA1,2030,Thermal,GCM,guajira_gas,151,13919.3,138014
GUAJIRA1,2035,Thermal,GCM,guajira_gas,151,13919.3,138014
GUAJIRA1,2040,Thermal,GCM,guajira_gas,151,13919.3,138014
GUAJIRA1,2045,Thermal,GCM,guajira_gas,151,13919.3,138014
GUAJIRA1_CARBON,2020,Thermal,GCM,guajira_car,151,13930,137863
GUAJIRA1_CARBON,2025,Thermal,GCM,guajira_car,151,13930,137863
GUAJIRA1_CARBON,2030,Thermal,GCM,guajira_car,151,13930,137863
GUAJIRA1_CARBON,2035,Thermal,GCM,guajira_car,151,13930,137863
GUAJIRA1_CARBON,2040,Thermal,GCM,guajira_car,151,13930,137863
GUAJIRA1_CARBON,2045,Thermal,GCM,guajira_car,151,13930,137863
GUAJIRA2,2020,Thermal,GCM,guajira_gas,145,13386.6,132240
GUAJIRA2,2025,Thermal,GCM,guajira_gas,145,13386.6,132240
GUAJIRA2,2030,Thermal,GCM,guajira_gas,145,13386.6,132240
GUAJIRA2,2035,Thermal,GCM,guajira_gas,145,13386.6,132240
GUAJIRA2,2040,Thermal,GCM,guajira_gas,145,13386.6,132240
GUAJIRA2,2045,Thermal,GCM,guajira_gas,145,13386.6,132240
GUAJIRA2_CARBON,2020,Thermal,GCM,guajira_car,145,13396.8,132095
GUAJIRA2_CARBON,2025,Thermal,GCM,guajira_car,145,13396.8,132095
GUAJIRA2_CARBON,2030,Thermal,GCM,guajira_car,145,13396.8,132095
GUAJIRA2_CARBON,2035,Thermal,GCM,guajira_car,145,13396.8,132095
GUAJIRA2_CARBON,2040,Thermal,GCM,guajira_car,145,13396.8,132095
GUAJIRA2_CARBON,2045,Thermal,GCM,guajira_car,145,13396.8,132095
GUANAQUITAS,2020,Menores,ANT-CHO,RunofRiver,9.5,878.392,8645
GUANAQUITAS,2025,Menores,ANT-CHO,RunofRiver,9.5,878.392,8645
GUANAQUITAS,2030,Menores,ANT-CHO,RunofRiver,9.5,878.392,8645
GUANAQUITAS,2035,Menores,ANT-CHO,RunofRiver,9.5,878.392,8645
GUANAQUITAS,2040,Menores,ANT-CHO,RunofRiver,9.5,878.392,8645
GUANAQUITAS,2045,Menores,ANT-CHO,RunofRiver,9.5,878.392,8645
GUATAPE,2020,Hidro,ANT-CHO,Water,560,51857.7,508480
GUATAPE,2025,Hidro,ANT-CHO,Water,560,51857.7,508480
GUATAPE,2030,Hidro,ANT-CHO,Water,560,51857.7,508480
GUATAPE,2035,Hidro,ANT-CHO,Water,560,51857.7,508480
GUATAPE,2040,Hidro,ANT-CHO,Water,560,51857.7,508480
GUATAPE,2045,Hidro,ANT-CHO,Water,560,51857.7,508480
GUAVIO,2020,Hidro,BOG-CUN,Water,1250,115842,1.13375e+06
GUAVIO,2025,Hidro,BOG-CUN,Water,1250,115842,1.13375e+06
GUAVIO,2030,Hidro,BOG-CUN,Water,1250,115842,1.13375e+06
GUAVIO,2035,Hidro,BOG-CUN,Water,1250,115842,1.13375e+06
GUAVIO,2040,Hidro,BOG-CUN,Water,1250,115842,1.13375e+06
GUAVIO,2045,Hidro,BOG-CUN,Water,1250,115842,1.13375e+06
HD-ANT-CHO,2020,Hidro,ANT-CHO,Water,0,0,0
HD-ANT-CHO,2025,Hidro,ANT-CHO,Water,100,14828.9,0
HD-ANT-CHO,2030,Hidro,ANT-CHO,Water,120,17794.7,0
HD-ANT-CHO,2035,Hidro,ANT-CHO,Water,140,20760.5,0
HD-ANT-CHO,2040,Hidro,ANT-CHO,Water,150,22243.4,0
HD-ANT-CHO,2045,Hidro,ANT-CHO,Water,160,23726.3,0
HD-ATLANTICO,2020,Hidro,ATLANTICO,Water,0,0,0
HD-ATLANTICO,2025,Hidro,ATLANTICO,Water,0,0,0
HD-ATLANTICO,2030,Hidro,ATLANTICO,Water,0,0,0
HD-ATLANTICO,2035,Hidro,ATLANTICO,Water,0,0,0
HD-ATLANTICO,2040,Hidro,ATLANTICO,Water,0,0,0
HD-ATLANTICO,2045,Hidro,ATLANTICO,Water,0,0,0
HD-BOG-CUN,2020,Hidro,BOG-CUN,Water,0,0,0
HD-BOG-CUN,2025,Hidro,BOG-CUN,Water,0,0,0
HD-BOG-CUN,2030,Hidro,BOG-CUN,Water,0,0,0
HD-BOG-CUN,2035,Hidro,BOG-CUN,Water,0,0,0
HD-BOG-CUN,2040,Hidro,BOG-CUN,Water,0,0,0
HD-BOG-CUN,2045,Hidro,BOG-CUN,Water,0,0,0
HD-BOLIVAR,2020,Hidro,BOLIVAR,Water,0,0,0
HD-BOLIVAR,2025,Hidro,BOLIVAR,Water,0,0,0
HD-BOLIVAR,2030,Hidro,BOLIVAR,Water,0,0,0
HD-BOLIVAR,2035,Hidro,BOLIVAR,Water,0,0,0
HD-BOLIVAR,2040,Hidro,BOLIVAR,Water,0,0,0
HD-BOLIVAR,2045,Hidro,BOLIVAR,Water,0,0,0
HD-BOY-CAS,2020,Hidro,BOY-CAS,Water,0,0,0
HD-BOY-CAS,2025,Hidro,BOY-CAS,Water,0,0,0
HD-BOY-CAS,2030,Hidro,BOY-CAS,Water,0,0,0
HD-BOY-CAS,2035,Hidro,BOY-CAS,Water,0,0,0
HD-BOY-CAS,2040,Hidro,BOY-CAS,Water,0,0,0
HD-BOY-CAS,2045,Hidro,BOY-CAS,Water,0,0,0
HD-CAUCA,2020,Hidro,CAUCA,Water,0,0,0
HD-CAUCA,2025,Hidro,CAUCA,Water,0,0,0
HD-CAUCA,2030,Hidro,CAUCA,Water,0,0,0
HD-CAUCA,2035,Hidro,CAUCA,Water,0,0,0
HD-CAUCA,2040,Hidro,CAUCA,Water,0,0,0
HD-CAUCA,2045,Hidro,CAUCA,Water,0,0,0
HD-COR-SUC,2020,Hidro,COR-SUC,Water,0,0,0
HD-COR-SUC,2025,Hidro,COR-SUC,Water,0,0,0
HD-COR-SUC,2030,Hidro,COR-SUC,Water,0,0,0
HD-COR-SUC,2035,Hidro,COR-SUC,Water,0,0,0
HD-COR-SUC,2040,Hidro,COR-SUC,Water,0,0,0
HD-COR-SUC,2045,Hidro,COR-SUC,Water,0,0,0
HD-CQR,2020,Hidro,CQR,Water,0,0,0
HD-CQR,2025,Hidro,CQR,Water,0,0,0
HD-CQR,2030,Hidro,CQR,Water,0,0,0
HD-CQR,2035,Hidro,CQR,Water,0,0,0
HD-CQR,2040,Hidro,CQR,Water,0,0,0
HD-CQR,2045,Hidro,CQR,Water,0,0,0
HD-GCM,2020,Hidro,GCM,Water,0,0,0
HD-GCM,2025,Hidro,GCM,Water,0,0,0
HD-GCM,2030,Hidro,GCM,Water,0,0,0
HD-GCM,2035,Hidro,GCM,Water,0,0,0
HD-GCM,2040,Hidro,GCM,Water,0,0,0
HD-GCM,2045,Hidro,GCM,Water,0,0,0
HD-HTC,2020,Hidro,HTC,Water,0,0,0
HD-HTC,2025,Hidro,HTC,Water,100,14828.9,0
HD-HTC,2030,Hidro,HTC,Water,120,17794.7,0
HD-HTC,2035,Hidro,HTC,Water,140,20760.5,0
HD-HTC,2040,Hidro,HTC,Water,150,22243.4,0
HD-HTC,2045,Hidro,HTC,Water,160,23726.3,0
HD-MET-GUAV,2020,Hidro,MET-GUAV,Water,0,0,0
HD-MET-GUAV,2025,Hidro,MET-GUAV,Water,0,0,0
HD-MET-GUAV,2030,Hidro,MET-GUAV,Water,0,0,0
HD-MET-GUAV,2035,Hidro,MET-GUAV,Water,0,0,0
HD-MET-GUAV,2040,Hidro,MET-GUAV,Water,0,0,0
HD-MET-GUAV,2045,Hidro,MET-GUAV,Water,0,0,0
HD-NAR-PUT,2020,Hidro,NAR-PUT,Water,0,0,0
HD-NAR-PUT,2025,Hidro,NAR-PUT,Water,0,0,0
HD-NAR-PUT,2030,Hidro,NAR-PUT,Water,0,0,0
HD-NAR-PUT,2035,Hidro,NAR-PUT,Water,0,0,0
HD-NAR-PUT,2040,Hidro,NAR-PUT,Water,0,0,0
HD-NAR-PUT,2045,Hidro,NAR-PUT,Water,0,0,0
HD-NSANT,2020,Hidro,NSANT,Water,0,0,0
HD-NSANT,2025,Hidro,NSANT,Water,50,7414.46,0
HD-NSANT,2030,Hidro,NSANT,Water,60,8897.35,0
HD-NSANT,2035,Hidro,NSANT,Water,70,10380.2,0
HD-NSANT,2040,Hidro,NSANT,Water,80,11863.1,0
HD-NSANT,2045,Hidro,NSANT,Water,90,13346,0
HD-SANT-ARA,2020,Hidro,SANT-ARA,Water,0,0,0
HD-SANT-ARA,2025,Hidro,SANT-ARA,Water,0,0,0
HD-SANT-ARA,2030,Hidro,SANT-ARA,Water,0,0,0
HD-SANT-ARA,2035,Hidro,SANT-ARA,Water,0,0,0
HD-SANT-ARA,2040,Hidro,SANT-ARA,Water,0,0,0
HD-SANT-ARA,2045,Hidro,SANT-ARA,Water,0,0,0
HD-VALLE,2020,Hidro,VALLE,Water,0,0,0
HD-VALLE,2025,Hidro,VALLE,Water,100,14828.9,0
HD-VALLE,2030,Hidro,VALLE,Water,120,17794.7,0
HD-VALLE,2035,Hidro,VALLE,Water,140,20760.5,0
HD-VALLE,2040,Hidro,VALLE,Water,150,22243.4,0
HD-VALLE,2045,Hidro,VALLE,Water,160,23726.3,0
INSULA,2020,Hidro,CQR,Water,19,1762.13,17214
INSULA,2025,Hidro,CQR,Water,19,1762.13,17214
INSULA,2030,Hidro,CQR,Water,19,1762.13,17214
INSULA,2035,Hidro,CQR,Water,19,1762.13,17214
INSULA,2040,Hidro,CQR,Water,19,1762.13,17214
INSULA,2045,Hidro,CQR,Water,19,1762.13,17214
JAGUAS,2020,Hidro,ANT-CHO,Water,170,15778.4,153850
JAGUAS,2025,Hidro,ANT-CHO,Water,170,15778.4,153850
JAGUAS,2030,Hidro,ANT-CHO,Water,170,15778.4,153850
JAGUAS,2035,Hidro,ANT-CHO,Water,170,15778.4,153850
JAGUAS,2040,Hidro,ANT-CHO,Water,170,15778.4,153850
JAGUAS,2045,Hidro,ANT-CHO,Water,170,15778.4,153850
LAGUN-LIMON,2020,Hidro,BOG-CUN,Water,18,1675.71,16218
LAGUN-LIMON,2025,Hidro,BOG-CUN,Water,18,1675.71,16218
LAGUN-LIMON,2030,Hidro,BOG-CUN,Water,18,1675.71,16218
LAGUN-LIMON,2035,Hidro,BOG-CUN,Water,18,1675.71,16218
LAGUN-LIMON,2040,Hidro,BOG-CUN,Water,18,1675.71,16218
LAGUN-LIMON,2045,Hidro,BOG-CUN,Water,18,1675.71,16218
LA_GUACA,2020,Hidro,BOG-CUN,Water,324,30117.3,292572
LA_GUACA,2025,Hidro,BOG-CUN,Water,324,30117.3,292572
LA_GUACA,2030,Hidro,BOG-CUN,Water,324,30117.3,292572
LA_GUACA,2035,Hidro,BOG-CUN,Water,324,30117.3,292572
LA_GUACA,2040,Hidro,BOG-CUN,Water,324,30117.3,292572
LA_GUACA,2045,Hidro,BOG-CUN,Water,324,30117.3,292572
LA_TASAJERA,2020,Hidro,ANT-CHO,Water,306,28465.6,276012
LA_TASAJERA,2025,Hidro,ANT-CHO,Water,306,28465.6,276012
LA_TASAJERA,2030,Hidro,ANT-CHO,Water,306,28465.6,276012
LA_TASAJERA,2035,Hidro,ANT-CHO,Water,306,28465.6,276012
LA_TASAJERA,2040,Hidro,ANT-CHO,Water,306,28465.6,276012
LA_TASAJERA,2045,Hidro,ANT-CHO,Water,306,28465.6,276012
MEN_ANTIOQUIA,2020,Menores,ANT-CHO,RunofRiver,31.78,2963.03,28570.2
MEN_ANTIOQUIA,2025,Menores,ANT-CHO,RunofRiver,31.78,2963.03,28570.2
MEN_ANTIOQUIA,2030,Menores,ANT-CHO,RunofRiver,31.78,2963.03,28570.2
MEN_ANTIOQUIA,2035,Menores,ANT-CHO,RunofRiver,31.78,2963.03,28570.2
MEN_ANTIOQUIA,2040,Menores,ANT-CHO,RunofRiver,31.78,2963.03,28570.2
MEN_ANTIOQUIA,2045,Menores,ANT-CHO,RunofRiver,31.78,2963.03,28570.2
MEN_CAUCANAR,2020,Menores,CAUCA,RunofRiver,37.7,3517.64,33854.6
MEN_CAUCANAR,2025,Menores,CAUCA,RunofRiver,37.7,3517.64,33854.6
MEN_CAUCANAR,2030,Menores,CAUCA,RunofRiver,37.7,3517.64,33854.6
MEN_CAUCANAR,2035,Menores,CAUCA,RunofRiver,37.7,3517.64,33854.6
MEN_CAUCANAR,2040,Menores,CAUCA,RunofRiver,37.7,3517.64,33854.6
MEN_CAUCANAR,2045,Menores,CAUCA,RunofRiver,37.7,3517.64,33854.6
MEN_CHARQUITO,2020,Menores,BOG-CUN,RunofRiver,19.4,1811.5,17401.8
MEN_CHARQUITO,2025,Menores,BOG-CUN,RunofRiver,19.4,1811.5,17401.8
MEN_CHARQUITO,2030,Menores,BOG-CUN,RunofRiver,19.4,1811.5,17401.8
MEN_CHARQUITO,2035,Menores,BOG-CUN,RunofRiver,19.4,1811.5,17401.8
MEN_CHARQUITO,2040,Menores,BOG-CUN,RunofRiver,19.4,1811.5,17401.8
MEN_CHARQUITO,2045,Menores,BOG-CUN,RunofRiver,19.4,1811.5,17401.8
MEN_CQR,2020,Menores,CQR,RunofRiver,18.85,1761.47,16889.6
MEN_CQR,2025,Menores,CQR,RunofRiver,18.85,1761.47,16889.6
MEN_CQR,2030,Menores,CQR,RunofRiver,18.85,1761.47,16889.6
MEN_CQR,2035,Menores,CQR,RunofRiver,18.85,1761.47,16889.6
MEN_CQR,2040,Menores,CQR,RunofRiver,18.85,1761.47,16889.6
MEN_CQR,2045,Menores,CQR,RunofRiver,18.85,1761.47,16889.6
MEN_EMGESA,2020,Menores,BOG-CUN,RunofRiver,55.79,5217.32,49932
MEN_EMGESA,2025,Menores,BOG-CUN,RunofRiver,55.79,5217.32,49932
MEN_EMGESA,2030,Menores,BOG-CUN,RunofRiver,55.79,5217.32,49932
MEN_EMGESA,2035,Menores,BOG-CUN,RunofRiver,55.79,5217.32,49932
MEN_EMGESA,2040,Menores,BOG-CUN,RunofRiver,55.79,5217.32,49932
MEN_EMGESA,2045,Menores,BOG-CUN,RunofRiver,55.79,5217.32,49932
MEN_EPM,2020,Menores,ANT-CHO,RunofRiver,78.54,7350.35,70214.8
MEN_EPM,2025,Menores,ANT-CHO,RunofRiver,78.54,7350.35,70214.8
MEN_EPM,2030,Menores,ANT-CHO,RunofRiver,78.54,7350.35,70214.8
MEN_EPM,2035,Menores,ANT-CHO,RunofRiver,78.54,7350.35,70214.8
MEN_EPM,2040,Menores,ANT-CHO,RunofRiver,78.54,7350.35,70214.8
MEN_EPM,2045,Menores,ANT-CHO,RunofRiver,78.54,7350.35,70214.8
MEN_EPM_HERR,2020,Menores,ANT-CHO,RunofRiver,20,1873.15,17860
MEN_EPM_HERR,2025,Menores,ANT-CHO,RunofRiver,20,1873.15,17860
MEN_EPM_HERR,2030,Menores,ANT-CHO,RunofRiver,20,1873.15,17860
MEN_EPM_HERR,2035,Menores,ANT-CHO,RunofRiver,20,1873.15,17860
MEN_EPM_HERR,2040,Menores,ANT-CHO,RunofRiver,20,1873.15,17860
MEN_EPM_HERR,2045,Menores,ANT-CHO,RunofRiver,20,1873.15,17860
MEN_EPM_JEPI,2020,Eolica,GCM,Wind,18.42,1726.47,16430.6
MEN_EPM_JEPI,2025,Eolica,GCM,Wind,18.42,1726.47,16430.6
MEN_EPM_JEPI,2030,Eolica,GCM,Wind,18.42,1726.47,16430.6
MEN_EPM_JEPI,2035,Eolica,GCM,Wind,18.42,1726.47,16430.6
MEN_EPM_JEPI,2040,Eolica,GCM,Wind,18.42,1726.47,16430.6
MEN_EPM_JEPI,2045,Eolica,GCM,Wind,18.42,1726.47,16430.6
MEN_EPM_VUEL,2020,Menores,ANT-CHO,RunofRiver,11.6,1088.06,10335.6
MEN_EPM_VUEL,2025,Menores,ANT-CHO,RunofRiver,11.6,1088.06,10335.6
MEN_EPM_VUEL,2030,Menores,ANT-CHO,RunofRiver,11.6,1088.06,10335.6
MEN_EPM_VUEL,2035,Menores,ANT-CHO,RunofRiver,11.6,1088.06,10335.6
MEN_EPM_VUEL,2040,Menores,ANT-CHO,RunofRiver,11.6,1088.06,10335.6
MEN_EPM_VUEL,2045,Menores,ANT-CHO,RunofRiver,11.6,1088.06,10335.6
MEN_EPSA,2020,Menores,VALLE,RunofRiver,23.37,2193.71,20799.3
MEN_EPSA,2025,Menores,VALLE,RunofRiver,23.37,2193.71,20799.3
MEN_EPSA,2030,Menores,VALLE,RunofRiver,23.37,2193.71,20799.3
MEN_EPSA,2035,Menores,VALLE,RunofRiver,23.37,2193.71,20799.3
MEN_EPSA,2040,Menores,VALLE,RunofRiver,23.37,2193.71,20799.3
MEN_EPSA,2045,Menores,VALLE,RunofRiver,23.37,2193.71,20799.3
MEN_HUILA,2020,Menores,HTC,RunofRiver,11.14,1046.48,9903.46
MEN_HUILA,2025,Menores,HTC,RunofRiver,11.14,1046.48,9903.46
MEN_HUILA,2030,Menores,HTC,RunofRiver,11.14,1046.48,9903.46
MEN_HUILA,2035,Menores,HTC,RunofRiver,11.14,1046.48,9903.46
MEN_HUILA,2040,Menores,HTC,RunofRiver,11.14,1046.48,9903.46
MEN_HUILA,2045,Menores,HTC,RunofRiver,11.14,1046.48,9903.46
MEN_Magallo,2020,Menores,ANT-CHO,RunofRiver,5.7,535.853,5061.6
MEN_Magallo,2025,Menores,ANT-CHO,RunofRiver,5.7,535.853,5061.6
MEN_Magallo,2030,Menores,ANT-CHO,RunofRiver,5.7,535.853,5061.6
MEN_Magallo,2035,Menores,ANT-CHO,RunofRiver,5.7,535.853,5061.6
MEN_Magallo,2040,Menores,ANT-CHO,RunofRiver,5.7,535.853,5061.6
MEN_Magallo,2045,Menores,ANT-CHO,RunofRiver,5.7,535.853,5061.6
MEN_NARPUT,2020,Menores,NAR-PUT,RunofRiver,23.8,2239.09,21110.6
MEN_NARPUT,2025,Menores,NAR-PUT,RunofRiver,23.8,2239.09,21110.6
MEN_NARPUT,2030,Menores,NAR-PUT,RunofRiver,23.8,2239.09,21110.6
MEN_NARPUT,2035,Menores,NAR-PUT,RunofRiver,23.8,2239.09,21110.6
MEN_NARPUT,2040,Menores,NAR-PUT,RunofRiver,23.8,2239.09,21110.6
MEN_NARPUT,2045,Menores,NAR-PUT,RunofRiver,23.8,2239.09,21110.6
MEN_NORDESTE,2020,Menores,SANT-ARA,RunofRiver,19,1790.18,16815
MEN_NORDESTE,2025,Menores,SANT-ARA,RunofRiver,19,1790.18,16815
MEN_NORDESTE,2030,Menores,SANT-ARA,RunofRiver,19,1790.18,16815
MEN_NORDESTE,2035,Menores,SANT-ARA,RunofRiver,19,1790.18,16815
MEN_NORDESTE,2040,Menores,SANT-ARA,RunofRiver,19,1790.18,16815
MEN_NORDESTE,2045,Menores,SANT-ARA,RunofRiver,19,1790.18,16815
MEN_Naveta,2020,Menores,BOG-CUN,RunofRiver,4.8,451.919,4252.8
MEN_Naveta,2025,Menores,BOG-CUN,RunofRiver,4.8,451.919,4252.8
MEN_Naveta,2030,Menores,BOG-CUN,RunofRiver,4.8,451.919,4252.8
MEN_Naveta,2035,Menores,BOG-CUN,RunofRiver,4.8,451.919,4252.8
MEN_Naveta,2040,Menores,BOG-CUN,RunofRiver,4.8,451.919,4252.8
MEN_Naveta,2045,Menores,BOG-CUN,RunofRiver,4.8,451.919,4252.8
MEN_TEQUEN,2020,Menores,BOG-CUN,RunofRiver,19.4,1829.24,17149.6
MEN_TEQUEN,2025,Menores,BOG-CUN,RunofRiver,19.4,1829.24,17149.6
MEN_TEQUEN,2030,Menores,BOG-CUN,RunofRiver,19.4,1829.24,17149.6
MEN_TEQUEN,2035,Menores,BOG-CUN,RunofRiver,19.4,1829.24,17149.6
MEN_TEQUEN,2040,Menores,BOG-CUN,RunofRiver,19.4,1829.24,17149.6
MEN_TEQUEN,2045,Menores,BOG-CUN,RunofRiver,19.4,1829.24,17149.6
MEN_TOLIMA,2020,Menores,HTC,RunofRiver,12.2,1151.2,10772.6
MEN_TOLIMA,2025,Menores,HTC,RunofRiver,12.2,1151.2,10772.6
MEN_TOLIMA,2030,Menores,HTC,RunofRiver,12.2,1151.2,10772.6
MEN_TOLIMA,2035,Menores,HTC,RunofRiver,12.2,1151.2,10772.6
MEN_TOLIMA,2040,Menores,HTC,RunofRiver,12.2,1151.2,10772.6
MEN_TOLIMA,2045,Menores,HTC,RunofRiver,12.2,1151.2,10772.6
MERILECTRICA,2020,Thermal,SANT-ARA,merielectrica_gas,166,15675.6,146412
MERILECTRICA,2025,Thermal,SANT-ARA,merielectrica_gas,166,15675.6,146412
MERILECTRICA,2030,Thermal,SANT-ARA,merielectrica_gas,166,15675.6,146412
MERILECTRICA,2035,Thermal,SANT-ARA,merielectrica_gas,166,15675.6,146412
MERILECTRICA,2040,Thermal,SANT-ARA,merielectrica_gas,166,15675.6,146412
MERILECTRICA,2045,Thermal,SANT-ARA,merielectrica_gas,166,15675.6,146412
MIEL_I,2020,Hidro,BOG-CUN,Water,396,37422.6,348876
MIEL_I,2025,Hidro,BOG-CUN,Water,396,37422.6,348876
MIEL_I,2030,Hidro,BOG-CUN,Water,396,37422.6,348876
MIEL_I,2035,Hidro,BOG-CUN,Water,396,37422.6,348876
MIEL_I,2040,Hidro,BOG-CUN,Water,396,37422.6,348876
MIEL_I,2045,Hidro,BOG-CUN,Water,396,37422.6,348876
MIEL_II,2020,Hidro,CQR,Water,117,11064.9,102960
MIEL_II,2025,Hidro,CQR,Water,117,11064.9,102960
MIEL_II,2030,Hidro,CQR,Water,117,11064.9,102960
MIEL_II,2035,Hidro,CQR,Water,117,11064.9,102960
MIEL_II,2040,Hidro,CQR,Water,117,11064.9,102960
MIEL_II,2045,Hidro,CQR,Water,117,11064.9,102960
MONTANITAS,2020,Menores,ANT-CHO,RunofRiver,19.9,1884.78,17472.2
MONTANITAS,2025,Menores,ANT-CHO,RunofRiver,19.9,1884.78,17472.2
MONTANITAS,2030,Menores,ANT-CHO,RunofRiver,19.9,1884.78,17472.2
MONTANITAS,2035,Menores,ANT-CHO,RunofRiver,19.9,1884.78,17472.2
MONTANITAS,2040,Menores,ANT-CHO,RunofRiver,19.9,1884.78,17472.2
MONTANITAS,2045,Menores,ANT-CHO,RunofRiver,19.9,1884.78,17472.2
MORRO_AZUL,2020,Menores,CQR,RunofRiver,19.9,1886.18,17452.3
MORRO_AZUL,2025,Menores,CQR,RunofRiver,19.9,1886.18,17452.3
MORRO_AZUL,2030,Menores,CQR,RunofRiver,19.9,1886.18,17452.3
MORRO_AZUL,2035,Menores,CQR,RunofRiver,19.9,1886.18,17452.3
MORRO_AZUL,2040,Menores,CQR,RunofRiver,19.9,1886.18,17452.3
MORRO_AZUL,2045,Menores,CQR,RunofRiver,19.9,1886.18,17452.3
PAIPA1,2020,Thermal,BOY-CAS,paipa_car,31,2953.52,26970
PAIPA1,2025,Thermal,BOY-CAS,paipa_car,31,2953.52,26970
PAIPA1,2030,Thermal,BOY-CAS,paipa_car,31,2953.52,26970
PAIPA1,2035,Thermal,BOY-CAS,paipa_car,31,2953.52,26970
PAIPA1,2040,Thermal,BOY-CAS,paipa_car,31,2953.52,26970
PAIPA1,2045,Thermal,BOY-CAS,paipa_car,31,2953.52,26970
PAIPA2,2020,Thermal,BOY-CAS,paipa_car,72,6864.85,62568
PAIPA2,2025,Thermal,BOY-CAS,paipa_car,72,6864.85,62568
PAIPA2,2030,Thermal,BOY-CAS,paipa_car,72,6864.85,62568
PAIPA2,2035,Thermal,BOY-CAS,paipa_car,72,6864.85,62568
PAIPA2,2040,Thermal,BOY-CAS,paipa_car,72,6864.85,62568
PAIPA2,2045,Thermal,BOY-CAS,paipa_car,72,6864.85,62568
PAIPA3,2020,Thermal,BOY-CAS,paipa_car,70,6679.09,60760
PAIPA3,2025,Thermal,BOY-CAS,paipa_car,70,6679.09,60760
PAIPA3,2030,Thermal,BOY-CAS,paipa_car,70,6679.09,60760
PAIPA3,2035,Thermal,BOY-CAS,paipa_car,70,6679.09,60760
PAIPA3,2040,Thermal,BOY-CAS,paipa_car,70,6679.09,60760
PAIPA3,2045,Thermal,BOY-CAS,paipa_car,70,6679.09,60760
PAIPA4,2020,Thermal,BOY-CAS,paipa_car,154,14704.8,133518
PAIPA4,2025,Thermal,BOY-CAS,paipa_car,154,14704.8,133518
PAIPA4,2030,Thermal,BOY-CAS,paipa_car,154,14704.8,133518
PAIPA4,2035,Thermal,BOY-CAS,paipa_car,154,14704.8,133518
PAIPA4,2040,Thermal,BOY-CAS,paipa_car,154,14704.8,133518
PAIPA4,2045,Thermal,BOY-CAS,paipa_car,154,14704.8,133518
PAJARITO,2020,Hidro,ANT-CHO,Water,4.9,468.225,4243.4
PAJARITO,2025,Hidro,ANT-CHO,Water,4.9,468.225,4243.4
PAJARITO,2030,Hidro,ANT-CHO,Water,4.9,468.225,4243.4
PAJARITO,2035,Hidro,ANT-CHO,Water,4.9,468.225,4243.4
PAJARITO,2040,Hidro,ANT-CHO,Water,4.9,468.225,4243.4
PAJARITO,2045,Hidro,ANT-CHO,Water,4.9,468.225,4243.4
PARAISO,2020,Hidro,BOG-CUN,Water,276,26392.9,238740
PARAISO,2025,Hidro,BOG-CUN,Water,276,26392.9,238740
PARAISO,2030,Hidro,BOG-CUN,Water,276,26392.9,238740
PARAISO,2035,Hidro,BOG-CUN,Water,276,26392.9,238740
PARAISO,2040,Hidro,BOG-CUN,Water,276,26392.9,238740
PARAISO,2045,Hidro,BOG-CUN,Water,276,26392.9,238740
PESCADERO,2020,Hidro,ANT-CHO,Water,300,28709,259200
PESCADERO,2025,Hidro,ANT-CHO,Water,300,28709,259200
PESCADERO,2030,Hidro,ANT-CHO,Water,300,28709,259200
PESCADERO,2035,Hidro,ANT-CHO,Water,300,28709,259200
PESCADERO,2040,Hidro,ANT-CHO,Water,300,28709,259200
PESCADERO,2045,Hidro,ANT-CHO,Water,300,28709,259200
PLAYAS,2020,Hidro,ANT-CHO,Water,207,19823.8,178641
PLAYAS,2025,Hidro,ANT-CHO,Water,207,19823.8,178641
PLAYAS,2030,Hidro,ANT-CHO,Water,207,19823.8,178641
PLAYAS,2035,Hidro,ANT-CHO,Water,207,19823.8,178641
PLAYAS,2040,Hidro,ANT-CHO,Water,207,19823.8,178641
PLAYAS,2045,Hidro,ANT-CHO,Water,207,19823.8,178641
PORCE_II,2020,Hidro,ANT-CHO,Water,405,38814.1,349110
PORCE_II,2025,Hidro,ANT-CHO,Water,405,38814.1,349110
PORCE_II,2030,Hidro,ANT-CHO,Water,405,38814.1,349110
PORCE_II,2035,Hidro,ANT-CHO,Water,405,38814.1,349110
PORCE_II,2040,Hidro,ANT-CHO,Water,405,38814.1,349110
PORCE_II,2045,Hidro,ANT-CHO,Water,405,38814.1,349110
PORCE_III,2020,Hidro,ANT-CHO,Water,700,67135.4,602700
PORCE_III,2025,Hidro,ANT-CHO,Water,700,67135.4,602700
PORCE_III,2030,Hidro,ANT-CHO,Water,700,67135.4,602700
PORCE_III,2035,Hidro,ANT-CHO,Water,700,67135.4,602700
PORCE_III,2040,Hidro,ANT-CHO,Water,700,67135.4,602700
PORCE_III,2045,Hidro,ANT-CHO,Water,700,67135.4,602700
PRADO,2020,Hidro,HTC,Water,46,4414.99,39560
PRADO,2025,Hidro,HTC,Water,46,4414.99,39560
PRADO,2030,Hidro,HTC,Water,46,4414.99,39560
PRADO,2035,Hidro,HTC,Water,46,4414.99,39560
PRADO,2040,Hidro,HTC,Water,46,4414.99,39560
PRADO,2045,Hidro,HTC,Water,46,4414.99,39560
PRADO4,2020,Hidro,HTC,Water,5,480.242,4295
PRADO4,2025,Hidro,HTC,Water,5,480.242,4295
PRADO4,2030,Hidro,HTC,Water,5,480.242,4295
PRADO4,2035,Hidro,HTC,Water,5,480.242,4295
PRADO4,2040,Hidro,HTC,Water,5,480.242,4295
PRADO4,2045,Hidro,HTC,Water,5,480.242,4295
PROELECTRIC1,2020,Thermal,BOLIVAR,barranquilla_gas,45,4325.34,38610
PROELECTRIC1,2025,Thermal,BOLIVAR,barranquilla_gas,45,4325.34,38610
PROELECTRIC1,2030,Thermal,BOLIVAR,barranquilla_gas,45,4325.34,38610
PROELECTRIC1,2035,Thermal,BOLIVAR,barranquilla_gas,45,4325.34,38610
PROELECTRIC1,2040,Thermal,BOLIVAR,barranquilla_gas,45,4325.34,38610
PROELECTRIC1,2045,Thermal,BOLIVAR,barranquilla_gas,45,4325.34,38610
PROELECTRIC1_FO2,2020,Thermal,BOLIVAR,flores_fo2,45,4328.5,38565
PROELECTRIC1_FO2,2025,Thermal,BOLIVAR,flores_fo2,45,4328.5,38565
PROELECTRIC1_FO2,2030,Thermal,BOLIVAR,flores_fo2,45,4328.5,38565
PROELECTRIC1_FO2,2035,Thermal,BOLIVAR,flores_fo2,45,4328.5,38565
PROELECTRIC1_FO2,2040,Thermal,BOLIVAR,flores_fo2,45,4328.5,38565
PROELECTRIC1_FO2,2045,Thermal,BOLIVAR,flores_fo2,45,4328.5,38565
PROELECTRIC2,2020,Thermal,BOLIVAR,barranquilla_gas,45,4331.67,38520
PROELECTRIC2,2025,Thermal,BOLIVAR,barranquilla_gas,45,4331.67,38520
PROELECTRIC2,2030,Thermal,BOLIVAR,barranquilla_gas,45,4331.67,38520
PROELECTRIC2,2035,Thermal,BOLIVAR,barranquilla_gas,45,4331.67,38520
PROELECTRIC2,2040,Thermal,BOLIVAR,barranquilla_gas,45,4331.67,38520
PROELECTRIC2,2045,Thermal,BOLIVAR,barranquilla_gas,45,4331.67,38520
PROELECTRIC2_FO2,2020,Thermal,BOLIVAR,flores_fo2,45,4334.83,38475
PROELECTRIC2_FO2,2025,Thermal,BOLIVAR,flores_fo2,45,4334.83,38475
PROELECTRIC2_FO2,2030,Thermal,BOLIVAR,flores_fo2,45,4334.83,38475
PROELECTRIC2_FO2,2035,Thermal,BOLIVAR,flores_fo2,45,4334.83,38475
PROELECTRIC2_FO2,2040,Thermal,BOLIVAR,flores_fo2,45,4334.83,38475
PROELECTRIC2_FO2,2045,Thermal,BOLIVAR,flores_fo2,45,4334.83,38475
PROVIDENCIA,2020,Menores,ANT-CHO,RunofRiver,4.9,472.36,4184.6
PROVIDENCIA,2025,Menores,ANT-CHO,RunofRiver,4.9,472.36,4184.6
PROVIDENCIA,2030,Menores,ANT-CHO,RunofRiver,4.9,472.36,4184.6
PROVIDENCIA,2035,Menores,ANT-CHO,RunofRiver,4.9,472.36,4184.6
PROVIDENCIA,2040,Menores,ANT-CHO,RunofRiver,4.9,472.36,4184.6
PROVIDENCIA,2045,Menores,ANT-CHO,RunofRiver,4.9,472.36,4184.6
PV-ANT-CHO,2020,pv-solar,ANT-CHO,Solar,180,12131.4,0
PV-ANT-CHO,2025,pv-solar,ANT-CHO,Solar,260,17523.1,0
PV-ANT-CHO,2030,pv-solar,ANT-CHO,Solar,340,22914.8,0
PV-ANT-CHO,2035,pv-solar,ANT-CHO,Solar,420,28306.6,0
PV-ANT-CHO,2040,pv-solar,ANT-CHO,Solar,480,32350.3,0
PV-ANT-CHO,2045,pv-solar,ANT-CHO,Solar,540,36394.1,0
PV-ATLANTICO,2020,pv-solar,ATLANTICO,Solar,180,12131.4,0
PV-ATLANTICO,2025,pv-solar,ATLANTICO,Solar,260,17523.1,0
PV-ATLANTICO,2030,pv-solar,ATLANTICO,Solar,340,22914.8,0
PV-ATLANTICO,2035,pv-solar,ATLANTICO,Solar,420,28306.6,0
PV-ATLANTICO,2040,pv-solar,ATLANTICO,Solar,480,32350.3,0
PV-ATLANTICO,2045,pv-solar,ATLANTICO,Solar,540,36394.1,0
PV-BOG-CUN,2020,pv-solar,BOG-CUN,Solar,0,0,0
PV-BOG-CUN,2025,pv-solar,BOG-CUN,Solar,0,0,0
PV-BOG-CUN,2030,pv-solar,BOG-CUN,Solar,0,0,0
PV-BOG-CUN,2035,pv-solar,BOG-CUN,Solar,0,0,0
PV-BOG-CUN,2040,pv-solar,BOG-CUN,Solar,0,0,0
PV-BOG-CUN,2045,pv-solar,BOG-CUN,Solar,0,0,0
PV-BOLIVAR,2020,pv-solar,BOLIVAR,Solar,180,12131.4,0
PV-BOLIVAR,2025,pv-solar,BOLIVAR,Solar,260,17523.1,0
PV-BOLIVAR,2030,pv-solar,BOLIVAR,Solar,340,22914.8,0
PV-BOLIVAR,2035,pv-solar,BOLIVAR,Solar,420,28306.6,0
PV-BOLIVAR,2040,pv-solar,BOLIVAR,Solar,480,32350.3,0
PV-BOLIVAR,2045,pv-solar,BOLIVAR,Solar,540,36394.1,0
PV-BOY-CAS,2020,pv-solar,BOY-CAS,Solar,180,12131.4,0
PV-BOY-CAS,2025,pv-solar,BOY-CAS,Solar,200,13479.3,0
PV-BOY-CAS,2030,pv-solar,BOY-CAS,Solar,200,13479.3,0
PV-BOY-CAS,2035,pv-solar,BOY-CAS,Solar,200,13479.3,0
PV-BOY-CAS,2040,pv-solar,BOY-CAS,Solar,200,13479.3,0
PV-BOY-CAS,2045,pv-solar,BOY-CAS,Solar,200,13479.3,0
PV-CAUCA,2020,pv-solar,CAUCA,Solar,180,12131.4,0
PV-CAUCA,2025,pv-solar,CAUCA,Solar,260,17523.1,0
PV-CAUCA,2030,pv-solar,CAUCA,Solar,300,20219,0
PV-CAUCA,2035,pv-solar,CAUCA,Solar,300,20219,0
PV-CAUCA,2040,pv-solar,CAUCA,Solar,300,20219,0
PV-CAUCA,2045,pv-solar,CAUCA,Solar,300,20219,0
PV-COR-SUC,2020,pv-solar,COR-SUC,Solar,180,12131.4,0
PV-COR-SUC,2025,pv-solar,COR-SUC,Solar,260,17523.1,0
PV-COR-SUC,2030,pv-solar,COR-SUC,Solar,340,22914.8,0
PV-COR-SUC,2035,pv-solar,COR-SUC,Solar,420,28306.6,0
PV-COR-SUC,2040,pv-solar,COR-SUC,Solar,480,32350.3,0
PV-COR-SUC,2045,pv-solar,COR-SUC,Solar,540,36394.1,0
PV-CQR,2020,pv-solar,CQR,Solar,180,12131.4,0
PV-CQR,2025,pv-solar,CQR,Solar,200,13479.3,0
PV-CQR,2030,pv-solar,CQR,Solar,200,13479.3,0
PV-CQR,2035,pv-solar,CQR,Solar,200,13479.3,0
PV-CQR,2040,pv-solar,CQR,Solar,200,13479.3,0
PV-CQR,2045,pv-solar,CQR,Solar,200,13479.3,0
PV-GCM,2020,pv-solar,GCM,Solar,180,12131.4,0
PV-GCM,2025,pv-solar,GCM,Solar,260,17523.1,0
PV-GCM,2030,pv-solar,GCM,Solar,340,22914.8,0
PV-GCM,2035,pv-solar,GCM,Solar,420,28306.6,0
PV-GCM,2040,pv-solar,GCM,Solar,480,32350.3,0
PV-GCM,2045,pv-solar,GCM,Solar,540,36394.1,0
PV-HTC,2020,pv-solar,HTC,Solar,180,12131.4,0
PV-HTC,2025,pv-solar,HTC,Solar,260,17523.1,0
PV-HTC,2030,pv-solar,HTC,Solar,300,20219,0
PV-HTC,2035,pv-solar,HTC,Solar,300,20219,0
PV-HTC,2040,pv-solar,HTC,Solar,300,20219,0
PV-HTC,2045,pv-solar,HTC,Solar,300,20219,0
PV-MET-GUAV,2020,pv-solar,MET-GUAV,Solar,100,6739.65,0
PV-MET-GUAV,2025,pv-solar,MET-GUAV,Solar,100,6739.65,0
PV-MET-GUAV,2030,pv-solar,MET-GUAV,Solar,100,6739.65,0
PV-MET-GUAV,2035,pv-solar,MET-GUAV,Solar,100,6739.65,0
PV-MET-GUAV,2040,pv-solar,MET-GUAV,Solar,100,6739.65,0
PV-MET-GUAV,2045,pv-solar,MET-GUAV,Solar,100,6739.65,0
PV-NAR-PUT,2020,pv-solar,NAR-PUT,Solar,180,12131.4,0
PV-NAR-PUT,2025,pv-solar,NAR-PUT,Solar,200,13479.3,0
PV-NAR-PUT,2030,pv-solar,NAR-PUT,Solar,200,13479.3,0
PV-NAR-PUT,2035,pv-solar,NAR-PUT,Solar,200,13479.3,0
PV-NAR-PUT,2040,pv-solar,NAR-PUT,Solar,200,13479.3,0
PV-NAR-PUT,2045,pv-solar,NAR-PUT,Solar,200,13479.3,0
PV-NSANT,2020,pv-solar,NSANT,Solar,180,12131.4,0
PV-NSANT,2025,pv-solar,NSANT,Solar,200,13479.3,0
PV-NSANT,2030,pv-solar,NSANT,Solar,200,13479.3,0
PV-NSANT,2035,pv-solar,NSANT,Solar,200,13479.3,0
PV-NSANT,2040,pv-solar,NSANT,Solar,200,13479.3,0
PV-NSANT,2045,pv-solar,NSANT,Solar,200,13479.3,0
PV-SANT-ARA,2020,pv-solar,SANT-ARA,Solar,180,12131.4,0
PV-SANT-ARA,2025,pv-solar,SANT-ARA,Solar,260,17523.1,0
PV-SANT-ARA,2030,pv-solar,SANT-ARA,Solar,340,22914.8,0
PV-SANT-ARA,2035,pv-solar,SANT-ARA,Solar,400,26958.6,0
PV-SANT-ARA,2040,pv-solar,SANT-ARA,Solar,400,26958.6,0
PV-SANT-ARA,2045,pv-solar,SANT-ARA,Solar,400,26958.6,0
PV-VALLE,2020,pv-solar,VALLE,Solar,180,12131.4,0
PV-VALLE,2025,pv-solar,VALLE,Solar,260,17523.1,0
PV-VALLE,2030,pv-solar,VALLE,Solar,340,22914.8,0
PV-VALLE,2035,pv-solar,VALLE,Solar,420,28306.6,0
PV-VALLE,2040,pv-solar,VALLE,Solar,480,32350.3,0
PV-VALLE,2045,pv-solar,VALLE,Solar,540,36394.1,0
Purificacion,2020,Thermal,HTC,barranquilla_gas,8,771.762,6824
Purificacion,2025,Thermal,HTC,barranquilla_gas,8,771.762,6824
Purificacion,2030,Thermal,HTC,barranquilla_gas,8,771.762,6824
Purificacion,2035,Thermal,HTC,barranquilla_gas,8,771.762,6824
Purificacion,2040,Thermal,HTC,barranquilla_gas,8,771.762,6824
Purificacion,2045,Thermal,HTC,barranquilla_gas,8,771.762,6824
RIOGRANDE_1,2020,Hidro,ANT-CHO,Water,19,1840.95,16093
RIOGRANDE_1,2025,Hidro,ANT-CHO,Water,19,1840.95,16093
RIOGRANDE_1,2030,Hidro,ANT-CHO,Water,19,1840.95,16093
RIOGRANDE_1,2035,Hidro,ANT-CHO,Water,19,1840.95,16093
RIOGRANDE_1,2040,Hidro,ANT-CHO,Water,19,1840.95,16093
RIOGRANDE_1,2045,Hidro,ANT-CHO,Water,19,1840.95,16093
SALTO_II,2020,Hidro,BOG-CUN,Water,35,3401.07,29505
SALTO_II,2025,Hidro,BOG-CUN,Water,35,3401.07,29505
SALTO_II,2030,Hidro,BOG-CUN,Water,35,3401.07,29505
SALTO_II,2035,Hidro,BOG-CUN,Water,35,3401.07,29505
SALTO_II,2040,Hidro,BOG-CUN,Water,35,3401.07,29505
SALTO_II,2045,Hidro,BOG-CUN,Water,35,3401.07,29505
SALVAJINA,2020,Hidro,VALLE,Water,285,27714.4,239970
SALVAJINA,2025,Hidro,VALLE,Water,285,27714.4,239970
SALVAJINA,2030,Hidro,VALLE,Water,285,27714.4,239970
SALVAJINA,2035,Hidro,VALLE,Water,285,27714.4,239970
SALVAJINA,2040,Hidro,VALLE,Water,285,27714.4,239970
SALVAJINA,2045,Hidro,VALLE,Water,285,27714.4,239970
SAN_CARLOS,2020,Hidro,ANT-CHO,Water,1240,120669,1.04284e+06
SAN_CARLOS,2025,Hidro,ANT-CHO,Water,1240,120669,1.04284e+06
SAN_CARLOS,2030,Hidro,ANT-CHO,Water,1240,120669,1.04284e+06
SAN_CARLOS,2035,Hidro,ANT-CHO,Water,1240,120669,1.04284e+06
SAN_CARLOS,2040,Hidro,ANT-CHO,Water,1240,120669,1.04284e+06
SAN_CARLOS,2045,Hidro,ANT-CHO,Water,1240,120669,1.04284e+06
SAN_FRANCISCO,2020,Hidro,CQR,Water,135,13146.9,113400
SAN_FRANCISCO,2025,Hidro,CQR,Water,135,13146.9,113400
SAN_FRANCISCO,2030,Hidro,CQR,Water,135,13146.9,113400
SAN_FRANCISCO,2035,Hidro,CQR,Water,135,13146.9,113400
SAN_FRANCISCO,2040,Hidro,CQR,Water,135,13146.9,113400
SAN_FRANCISCO,2045,Hidro,CQR,Water,135,13146.9,113400
SNMIGUEL,2020,Hidro,ANT-CHO,Water,44,4291.1,36872
SNMIGUEL,2025,Hidro,ANT-CHO,Water,44,4291.1,36872
SNMIGUEL,2030,Hidro,ANT-CHO,Water,44,4291.1,36872
SNMIGUEL,2035,Hidro,ANT-CHO,Water,44,4291.1,36872
SNMIGUEL,2040,Hidro,ANT-CHO,Water,44,4291.1,36872
SNMIGUEL,2045,Hidro,ANT-CHO,Water,44,4291.1,36872
SOGAMOSO,2020,Hidro,SANT-ARA,Water,819,79930.5,685503
SOGAMOSO,2025,Hidro,SANT-ARA,Water,819,79930.5,685503
SOGAMOSO,2030,Hidro,SANT-ARA,Water,819,79930.5,685503
SOGAMOSO,2035,Hidro,SANT-ARA,Water,819,79930.5,685503
SOGAMOSO,2040,Hidro,SANT-ARA,Water,819,79930.5,685503
SOGAMOSO,2045,Hidro,SANT-ARA,Water,819,79930.5,685503
TASAJERO1,2020,Thermal,NSANT,tasajero_car,163,15919.5,136268
TASAJERO1,2025,Thermal,NSANT,tasajero_car,163,15919.5,136268
TASAJERO1,2030,Thermal,NSANT,tasajero_car,163,15919.5,136268
TASAJERO1,2035,Thermal,NSANT,tasajero_car,163,15919.5,136268
TASAJERO1,2040,Thermal,NSANT,tasajero_car,163,15919.5,136268
TASAJERO1,2045,Thermal,NSANT,tasajero_car,163,15919.5,136268
TASAJERO2,2020,Thermal,NSANT,tasajero_car,165,16126.4,137775
TASAJERO2,2025,Thermal,NSANT,tasajero_car,165,16126.4,137775
TASAJERO2,2030,Thermal,NSANT,tasajero_car,165,16126.4,137775
TASAJERO2,2035,Thermal,NSANT,tasajero_car,165,16126.4,137775
TASAJERO2,2040,Thermal,NSANT,tasajero_car,165,16126.4,137775
TASAJERO2,2045,Thermal,NSANT,tasajero_car,165,16126.4,137775
TC_GECELCA3,2020,Thermal,COR-SUC,gecelca_car,164,16040.2,136776
TC_GECELCA3,2025,Thermal,COR-SUC,gecelca_car,164,16040.2,136776
TC_GECELCA3,2030,Thermal,COR-SUC,gecelca_car,164,16040.2,136776
TC_GECELCA3,2035,Thermal,COR-SUC,gecelca_car,164,16040.2,136776
TC_GECELCA3,2040,Thermal,COR-SUC,gecelca_car,164,16040.2,136776
TC_GECELCA3,2045,Thermal,COR-SUC,gecelca_car,164,16040.2,136776
TC_GECELCA32,2020,Thermal,COR-SUC,gecelca_car,250,24469.1,208250
TC_GECELCA32,2025,Thermal,COR-SUC,gecelca_car,250,24469.1,208250
TC_GECELCA32,2030,Thermal,COR-SUC,gecelca_car,250,24469.1,208250
TC_GECELCA32,2035,Thermal,COR-SUC,gecelca_car,250,24469.1,208250
TC_GECELCA32,2040,Thermal,COR-SUC,gecelca_car,250,24469.1,208250
TC_GECELCA32,2045,Thermal,COR-SUC,gecelca_car,250,24469.1,208250
TEBSAB,2020,Thermal,ATLANTICO,barranquilla_gas,791,77475.9,658112
TEBSAB,2025,Thermal,ATLANTICO,barranquilla_gas,791,77475.9,658112
TEBSAB,2030,Thermal,ATLANTICO,barranquilla_gas,791,77475.9,658112
TEBSAB,2035,Thermal,ATLANTICO,barranquilla_gas,791,77475.9,658112
TEBSAB,2040,Thermal,ATLANTICO,barranquilla_gas,791,77475.9,658112
TEBSAB,2045,Thermal,ATLANTICO,barranquilla_gas,791,77475.9,658112
TEBSAB_FO2,2020,Thermal,ATLANTICO,flores_fo2,791,77531.5,657321
TEBSAB_FO2,2025,Thermal,ATLANTICO,flores_fo2,791,77531.5,657321
TEBSAB_FO2,2030,Thermal,ATLANTICO,flores_fo2,791,77531.5,657321
TEBSAB_FO2,2035,Thermal,ATLANTICO,flores_fo2,791,77531.5,657321
TEBSAB_FO2,2040,Thermal,ATLANTICO,flores_fo2,791,77531.5,657321
TEBSAB_FO2,2045,Thermal,ATLANTICO,flores_fo2,791,77531.5,657321
TERMOBOLIVAR,2020,Thermal,BOY-CAS,termoyopal_gas,9.7,953.494,8021.9
TERMOBOLIVAR,2025,Thermal,BOY-CAS,termoyopal_gas,9.7,953.494,8021.9
TERMOBOLIVAR,2030,Thermal,BOY-CAS,termoyopal_gas,9.7,953.494,8021.9
TERMOBOLIVAR,2035,Thermal,BOY-CAS,termoyopal_gas,9.7,953.494,8021.9
TERMOBOLIVAR,2040,Thermal,BOY-CAS,termoyopal_gas,9.7,953.494,8021.9
TERMOBOLIVAR,2045,Thermal,BOY-CAS,termoyopal_gas,9.7,953.494,8021.9
TERMOCENTRO,2020,Thermal,SANT-ARA,termocentro_gas,264,26006.5,217536
TERMOCENTRO,2025,Thermal,SANT-ARA,termocentro_gas,264,26006.5,217536
TERMOCENTRO,2030,Thermal,SANT-ARA,termocentro_gas,264,26006.5,217536
TERMOCENTRO,2035,Thermal,SANT-ARA,termocentro_gas,264,26006.5,217536
TERMOCENTRO,2040,Thermal,SANT-ARA,termocentro_gas,264,26006.5,217536
TERMOCENTRO,2045,Thermal,SANT-ARA,termocentro_gas,264,26006.5,217536
TERMOCENTRO_JA1,2020,Thermal,SANT-ARA,termocentro_ja1,264,26025,217272
TERMOCENTRO_JA1,2025,Thermal,SANT-ARA,termocentro_ja1,264,26025,217272
TERMOCENTRO_JA1,2030,Thermal,SANT-ARA,termocentro_ja1,264,26025,217272
TERMOCENTRO_JA1,2035,Thermal,SANT-ARA,termocentro_ja1,264,26025,217272
TERMOCENTRO_JA1,2040,Thermal,SANT-ARA,termocentro_ja1,264,26025,217272
TERMOCENTRO_JA1,2045,Thermal,SANT-ARA,termocentro_ja1,264,26025,217272
TERMODORADA1,2020,Thermal,CQR,termodorada_gas,51,5031.15,41922
TERMODORADA1,2025,Thermal,CQR,termodorada_gas,51,5031.15,41922
TERMODORADA1,2030,Thermal,CQR,termodorada_gas,51,5031.15,41922
TERMODORADA1,2035,Thermal,CQR,termodorada_gas,51,5031.15,41922
TERMODORADA1,2040,Thermal,CQR,termodorada_gas,51,5031.15,41922
TERMODORADA1,2045,Thermal,CQR,termodorada_gas,51,5031.15,41922
TERMODORADA1_FO2,2020,Thermal,CQR,termodorada_fo2,45.9,4531.26,37683.9
TERMODORADA1_FO2,2025,Thermal,CQR,termodorada_fo2,45.9,4531.26,37683.9
TERMODORADA1_FO2,2030,Thermal,CQR,termodorada_fo2,45.9,4531.26,37683.9
TERMODORADA1_FO2,2035,Thermal,CQR,termodorada_fo2,45.9,4531.26,37683.9
TERMODORADA1_FO2,2040,Thermal,CQR,termodorada_fo2,45.9,4531.26,37683.9
TERMODORADA1_FO2,2045,Thermal,CQR,termodorada_fo2,45.9,4531.26,37683.9
TERMONORTE,2020,Thermal,GCM,flores_fo2,88.35,8728.15,72447
TERMONORTE,2025,Thermal,GCM,flores_fo2,88.35,8728.15,72447
TERMONORTE,2030,Thermal,GCM,flores_fo2,88.35,8728.15,72447
TERMONORTE,2035,Thermal,GCM,flores_fo2,88.35,8728.15,72447
TERMONORTE,2040,Thermal,GCM,flores_fo2,88.35,8728.15,72447
TERMONORTE,2045,Thermal,GCM,flores_fo2,88.35,8728.15,72447
TERMOSIERRA,2020,Thermal,ANT-CHO,termosierra_gas,445,43993.1,364455
TERMOSIERRA,2025,Thermal,ANT-CHO,termosierra_gas,445,43993.1,364455
TERMOSIERRA,2030,Thermal,ANT-CHO,termosierra_gas,445,43993.1,364455
TERMOSIERRA,2035,Thermal,ANT-CHO,termosierra_gas,445,43993.1,364455
TERMOSIERRA,2040,Thermal,ANT-CHO,termosierra_gas,445,43993.1,364455
TERMOSIERRA,2045,Thermal,ANT-CHO,termosierra_gas,445,43993.1,364455
TERMOSIERRA_FO2,2020,Thermal,ANT-CHO,termosierra_fo2,364,36011,297752
TERMOSIERRA_FO2,2025,Thermal,ANT-CHO,termosierra_fo2,364,36011,297752
TERMOSIERRA_FO2,2030,Thermal,ANT-CHO,termosierra_fo2,364,36011,297752
TERMOSIERRA_FO2,2035,Thermal,ANT-CHO,termosierra_fo2,364,36011,297752
TERMOSIERRA_FO2,2040,Thermal,ANT-CHO,termosierra_fo2,364,36011,297752
TERMOSIERRA_FO2,2045,Thermal,ANT-CHO,termosierra_fo2,364,36011,297752
TERMOVALLE2,2020,Thermal,VALLE,termovalle_gas,205,20324.1,167075
TERMOVALLE2,2025,Thermal,VALLE,termovalle_gas,205,20324.1,167075
TERMOVALLE2,2030,Thermal,VALLE,termovalle_gas,205,20324.1,167075
TERMOVALLE2,2035,Thermal,VALLE,termovalle_gas,205,20324.1,167075
TERMOVALLE2,2040,Thermal,VALLE,termovalle_gas,205,20324.1,167075
TERMOVALLE2,2045,Thermal,VALLE,termovalle_gas,205,20324.1,167075
TERMOVALLE2_CPM2,2020,Thermal,VALLE,termovalle_cmp2,196.93,19537.9,160301
TERMOVALLE2_CPM2,2025,Thermal,VALLE,termovalle_cmp2,196.93,19537.9,160301
TERMOVALLE2_CPM2,2030,Thermal,VALLE,termovalle_cmp2,196.93,19537.9,160301
TERMOVALLE2_CPM2,2035,Thermal,VALLE,termovalle_cmp2,196.93,19537.9,160301
TERMOVALLE2_CPM2,2040,Thermal,VALLE,termovalle_cmp2,196.93,19537.9,160301
TERMOVALLE2_CPM2,2045,Thermal,VALLE,termovalle_cmp2,196.93,19537.9,160301
TERMO_YOPAL1,2020,Thermal,BOY-CAS,termoyopal_gas,19.9,1953.34,16497.1
TERMO_YOPAL1,2025,Thermal,BOY-CAS,termoyopal_gas,19.9,1953.34,16497.1
TERMO_YOPAL1,2030,Thermal,BOY-CAS,termoyopal_gas,19.9,1953.34,16497.1
TERMO_YOPAL1,2035,Thermal,BOY-CAS,termoyopal_gas,19.9,1953.34,16497.1
TERMO_YOPAL1,2040,Thermal,BOY-CAS,termoyopal_gas,19.9,1953.34,16497.1
TERMO_YOPAL1,2045,Thermal,BOY-CAS,termoyopal_gas,19.9,1953.34,16497.1
TERMO_YOPAL2,2020,Thermal,BOY-CAS,termoyopal_gas,30,2946.84,24840
TERMO_YOPAL2,2025,Thermal,BOY-CAS,termoyopal_gas,30,2946.84,24840
TERMO_YOPAL2,2030,Thermal,BOY-CAS,termoyopal_gas,30,2946.84,24840
TERMO_YOPAL2,2035,Thermal,BOY-CAS,termoyopal_gas,30,2946.84,24840
TERMO_YOPAL2,2040,Thermal,BOY-CAS,termoyopal_gas,30,2946.84,24840
TERMO_YOPAL2,2045,Thermal,BOY-CAS,termoyopal_gas,30,2946.84,24840
TPIEDRAS,2020,Thermal,HTC,barranquilla_gas,3.75,372.574,3045
TPIEDRAS,2025,Thermal,HTC,barranquilla_gas,3.75,372.574,3045
TPIEDRAS,2030,Thermal,HTC,barranquilla_gas,3.75,372.574,3045
TPIEDRAS,2035,Thermal,HTC,barranquilla_gas,3.75,372.574,3045
TPIEDRAS,2040,Thermal,HTC,barranquilla_gas,3.75,372.574,3045
TPIEDRAS,2045,Thermal,HTC,barranquilla_gas,3.75,372.574,3045
TRONERAS,2020,Hidro,ANT-CHO,Water,40,3976.94,32440
TRONERAS,2025,Hidro,ANT-CHO,Water,40,3976.94,32440
TRONERAS,2030,Hidro,ANT-CHO,Water,40,3976.94,32440
TRONERAS,2035,Hidro,ANT-CHO,Water,40,3976.94,32440
TRONERAS,2040,Hidro,ANT-CHO,Water,40,3976.94,32440
TRONERAS,2045,Hidro,ANT-CHO,Water,40,3976.94,32440
TULUA_ALTO,2020,Menores,VALLE,RunofRiver,19.9,1979.92,16119
TULUA_ALTO,2025,Menores,VALLE,RunofRiver,19.9,1979.92,16119
TULUA_ALTO,2030,Menores,VALLE,RunofRiver,19.9,1979.92,16119
TULUA_ALTO,2035,Menores,VALLE,RunofRiver,19.9,1979.92,16119
TULUA_ALTO,2040,Menores,VALLE,RunofRiver,19.9,1979.92,16119
TULUA_ALTO,2045,Menores,VALLE,RunofRiver,19.9,1979.92,16119
TULUA_BAJO,2020,Menores,VALLE,RunofRiver,19.9,1981.32,16099.1
TULUA_BAJO,2025,Menores,VALLE,RunofRiver,19.9,1981.32,16099.1
TULUA_BAJO,2030,Menores,VALLE,RunofRiver,19.9,1981.32,16099.1
TULUA_BAJO,2035,Menores,VALLE,RunofRiver,19.9,1981.32,16099.1
TULUA_BAJO,2040,Menores,VALLE,RunofRiver,19.9,1981.32,16099.1
TULUA_BAJO,2045,Menores,VALLE,RunofRiver,19.9,1981.32,16099.1
TUNJITA,2020,Hidro,BOG-CUN,Water,20,1994.09,16140
TUNJITA,2025,Hidro,BOG-CUN,Water,20,1994.09,16140
TUNJITA,2030,Hidro,BOG-CUN,Water,20,1994.09,16140
TUNJITA,2035,Hidro,BOG-CUN,Water,20,1994.09,16140
TUNJITA,2040,Hidro,BOG-CUN,Water,20,1994.09,16140
TUNJITA,2045,Hidro,BOG-CUN,Water,20,1994.09,16140
TermoCaribe1,2020,Thermal,BOLIVAR,barranquilla_gas,150,14755.3,123900
TermoCaribe1,2025,Thermal,BOLIVAR,barranquilla_gas,150,14755.3,123900
TermoCaribe1,2030,Thermal,BOLIVAR,barranquilla_gas,150,14755.3,123900
TermoCaribe1,2035,Thermal,BOLIVAR,barranquilla_gas,150,14755.3,123900
TermoCaribe1,2040,Thermal,BOLIVAR,barranquilla_gas,150,14755.3,123900
TermoCaribe1,2045,Thermal,BOLIVAR,barranquilla_gas,150,14755.3,123900
TermoCaribe2,2020,Thermal,BOLIVAR,barranquilla_gas,42,4134.44,34650
TermoCaribe2,2025,Thermal,BOLIVAR,barranquilla_gas,42,4134.44,34650
TermoCaribe2,2030,Thermal,BOLIVAR,barranquilla_gas,42,4134.44,34650
TermoCaribe2,2035,Thermal,BOLIVAR,barranquilla_gas,42,4134.44,34650
TermoCaribe2,2040,Thermal,BOLIVAR,barranquilla_gas,42,4134.44,34650
TermoCaribe2,2045,Thermal,BOLIVAR,barranquilla_gas,42,4134.44,34650
TermoSolo1,2020,Thermal,VALLE,termovalle_gas,148,14652.2,120916
TermoSolo1,2025,Thermal,VALLE,termovalle_gas,148,14652.2,120916
TermoSolo1,2030,Thermal,VALLE,termovalle_gas,148,14652.2,120916
TermoSolo1,2035,Thermal,VALLE,termovalle_gas,148,14652.2,120916
TermoSolo1,2040,Thermal,VALLE,termovalle_gas,148,14652.2,120916
TermoSolo1,2045,Thermal,VALLE,termovalle_gas,148,14652.2,120916
TermoSolo2,2020,Thermal,VALLE,termovalle_gas,80,7925.75,65280
TermoSolo2,2025,Thermal,VALLE,termovalle_gas,80,7925.75,65280
TermoSolo2,2030,Thermal,VALLE,termovalle_gas,80,7925.75,65280
TermoSolo2,2035,Thermal,VALLE,termovalle_gas,80,7925.75,65280
TermoSolo2,2040,Thermal,VALLE,termovalle_gas,80,7925.75,65280
TermoSolo2,2045,Thermal,VALLE,termovalle_gas,80,7925.75,65280
URRA,2020,Hidro,COR-SUC,Water,338,33723.9,272428
URRA,2025,Hidro,COR-SUC,Water,338,33723.9,272428
URRA,2030,Hidro,COR-SUC,Water,338,33723.9,272428
URRA,2035,Hidro,COR-SUC,Water,338,33723.9,272428
URRA,2040,Hidro,COR-SUC,Water,338,33723.9,272428
URRA,2045,Hidro,COR-SUC,Water,338,33723.9,272428
WN-ANT-CHO,2020,Eolica,ANT-CHO,Wind,200,15682.1,0
WN-ANT-CHO,2025,Eolica,ANT-CHO,Wind,300,23523.2,0
WN-ANT-CHO,2030,Eolica,ANT-CHO,Wind,400,31364.2,0
WN-ANT-CHO,2035,Eolica,ANT-CHO,Wind,500,39205.3,0
WN-ANT-CHO,2040,Eolica,ANT-CHO,Wind,560,43909.9,0
WN-ANT-CHO,2045,Eolica,ANT-CHO,Wind,640,50182.8,0
WN-ATLANTICO,2020,Eolica,ATLANTICO,Wind,200,15682.1,0
WN-ATLANTICO,2025,Eolica,ATLANTICO,Wind,300,23523.2,0
WN-ATLANTICO,2030,Eolica,ATLANTICO,Wind,400,31364.2,0
WN-ATLANTICO,2035,Eolica,ATLANTICO,Wind,500,39205.3,0
WN-ATLANTICO,2040,Eolica,ATLANTICO,Wind,560,43909.9,0
WN-ATLANTICO,2045,Eolica,ATLANTICO,Wind,640,50182.8,0
WN-BOG-CUN,2020,Eolica,BOG-CUN,Wind,200,15682.1,0
WN-BOG-CUN,2025,Eolica,BOG-CUN,Wind,300,23523.2,0
WN-BOG-CUN,2030,Eolica,BOG-CUN,Wind,400,31364.2,0
WN-BOG-CUN,2035,Eolica,BOG-CUN,Wind,500,39205.3,0
WN-BOG-CUN,2040,Eolica,BOG-CUN,Wind,560,43909.9,0
WN-BOG-CUN,2045,Eolica,BOG-CUN,Wind,640,50182.8,0
WN-BOLIVAR,2020,Eolica,BOLIVAR,Wind,200,15682.1,0
WN-BOLIVAR,2025,Eolica,BOLIVAR,Wind,300,23523.2,0
WN-BOLIVAR,2030,Eolica,BOLIVAR,Wind,400,31364.2,0
WN-BOLIVAR,2035,Eolica,BOLIVAR,Wind,500,39205.3,0
WN-BOLIVAR,2040,Eolica,BOLIVAR,Wind,560,43909.9,0
WN-BOLIVAR,2045,Eolica,BOLIVAR,Wind,640,50182.8,0
WN-BOY-CAS,2020,Eolica,BOY-CAS,Wind,200,15682.1,0
WN-BOY-CAS,2025,Eolica,BOY-CAS,Wind,300,23523.2,0
WN-BOY-CAS,2030,Eolica,BOY-CAS,Wind,400,31364.2,0
WN-BOY-CAS,2035,Eolica,BOY-CAS,Wind,500,39205.3,0
WN-BOY-CAS,2040,Eolica,BOY-CAS,Wind,560,43909.9,0
WN-BOY-CAS,2045,Eolica,BOY-CAS,Wind,640,50182.8,0
WN-CAUCA,2020,Eolica,CAUCA,Wind,200,15682.1,0
WN-CAUCA,2025,Eolica,CAUCA,Wind,300,23523.2,0
WN-CAUCA,2030,Eolica,CAUCA,Wind,400,31364.2,0
WN-CAUCA,2035,Eolica,CAUCA,Wind,500,39205.3,0
WN-CAUCA,2040,Eolica,CAUCA,Wind,560,43909.9,0
WN-CAUCA,2045,Eolica,CAUCA,Wind,640,50182.8,0
WN-COR-SUC,2020,Eolica,COR-SUC,Wind,200,15682.1,0
WN-COR-SUC,2025,Eolica,COR-SUC,Wind,300,23523.2,0
WN-COR-SUC,2030,Eolica,COR-SUC,Wind,400,31364.2,0
WN-COR-SUC,2035,Eolica,COR-SUC,Wind,500,39205.3,0
WN-COR-SUC,2040,Eolica,COR-SUC,Wind,560,43909.9,0
WN-COR-SUC,2045,Eolica,COR-SUC,Wind,640,50182.8,0
WN-CQR,2020,Eolica,CQR,Wind,200,15682.1,0
WN-CQR,2025,Eolica,CQR,Wind,300,23523.2,0
WN-CQR,2030,Eolica,CQR,Wind,400,31364.2,0
WN-CQR,2035,Eolica,CQR,Wind,500,39205.3,0
WN-CQR,2040,Eolica,CQR,Wind,560,43909.9,0
WN-CQR,2045,Eolica,CQR,Wind,640,50182.8,0
WN-GCM,2020,Eolica,GCM,Wind,200,15682.1,0
WN-GCM,2025,Eolica,GCM,Wind,300,23523.2,0
WN-GCM,2030,Eolica,GCM,Wind,400,31364.2,0
WN-GCM,2035,Eolica,GCM,Wind,500,39205.3,0
WN-GCM,2040,Eolica,GCM,Wind,560,43909.9,0
WN-GCM,2045,Eolica,GCM,Wind,640,50182.8,0
WN-HTC,2020,Eolica,HTC,Wind,200,15682.1,0
WN-HTC,2025,Eolica,HTC,Wind,300,23523.2,0
WN-HTC,2030,Eolica,HTC,Wind,400,31364.2,0
WN-HTC,2035,Eolica,HTC,Wind,500,39205.3,0
WN-HTC,2040,Eolica,HTC,Wind,560,43909.9,0
WN-HTC,2045,Eolica,HTC,Wind,640,50182.8,0
WN-MET-GUAV,2020,Eolica,MET-GUAV,Wind,200,15682.1,0
WN-MET-GUAV,2025,Eolica,MET-GUAV,Wind,300,23523.2,0
WN-MET-GUAV,2030,Eolica,MET-GUAV,Wind,400,31364.2,0
WN-MET-GUAV,2035,Eolica,MET-GUAV,Wind,500,39205.3,0
WN-MET-GUAV,2040,Eolica,MET-GUAV,Wind,560,43909.9,0
WN-MET-GUAV,2045,Eolica,MET-GUAV,Wind,640,50182.8,0
WN-NAR-PUT,2020,Eolica,NAR-PUT,Wind,200,15682.1,0
WN-NAR-PUT,2025,Eolica,NAR-PUT,Wind,300,23523.2,0
WN-NAR-PUT,2030,Eolica,NAR-PUT,Wind,400,31364.2,0
WN-NAR-PUT,2035,Eolica,NAR-PUT,Wind,500,39205.3,0
WN-NAR-PUT,2040,Eolica,NAR-PUT,Wind,560,43909.9,0
WN-NAR-PUT,2045,Eolica,NAR-PUT,Wind,640,50182.8,0
WN-NSANT,2020,Eolica,NSANT,Wind,200,15682.1,0
WN-NSANT,2025,Eolica,NSANT,Wind,300,23523.2,0
WN-NSANT,2030,Eolica,NSANT,Wind,400,31364.2,0
WN-NSANT,2035,Eolica,NSANT,Wind,500,39205.3,0
WN-NSANT,2040,Eolica,NSANT,Wind,560,43909.9,0
WN-NSANT,2045,Eolica,NSANT,Wind,640,50182.8,0
WN-SANT-ARA,2020,Eolica,SANT-ARA,Wind,200,15682.1,0
WN-SANT-ARA,2025,Eolica,SANT-ARA,Wind,300,23523.2,0
WN-SANT-ARA,2030,Eolica,SANT-ARA,Wind,400,31364.2,0
WN-SANT-ARA,2035,Eolica,SANT-ARA,Wind,500,39205.3,0
WN-SANT-ARA,2040,Eolica,SANT-ARA,Wind,560,43909.9,0
WN-SANT-ARA,2045,Eolica,SANT-ARA,Wind,640,50182.8,0
WN-VALLE,2020,Eolica,VALLE,Wind,200,15682.1,0
WN-VALLE,2025,Eolica,VALLE,Wind,300,23523.2,0
WN-VALLE,2030,Eolica,VALLE,Wind,400,31364.2,0
WN-VALLE,2035,Eolica,VALLE,Wind,500,39205.3,0
WN-VALLE,2040,Eolica,VALLE,Wind,560,43909.9,0
WN-VALLE,2045,Eolica,VALLE,Wind,640,50182.8,0
ZIPAEMG2,2020,Thermal,BOG-CUN,zipa_car,34,3394.74,27370
ZIPAEMG2,2025,Thermal,BOG-CUN,zipa_car,34,3394.74,27370
ZIPAEMG2,2030,Thermal,BOG-CUN,zipa_car,34,3394.74,27370
ZIPAEMG2,2035,Thermal,BOG-CUN,zipa_car,34,3394.74,27370
ZIPAEMG2,2040,Thermal,BOG-CUN,zipa_car,34,3394.74,27370
ZIPAEMG2,2045,Thermal,BOG-CUN,zipa_car,34,3394.74,27370
ZIPAEMG3,2020,Thermal,BOG-CUN,zipa_car,63,6294.68,50652
ZIPAEMG3,2025,Thermal,BOG-CUN,zipa_car,63,6294.68,50652
ZIPAEMG3,2030,Thermal,BOG-CUN,zipa_car,63,6294.68,50652
ZIPAEMG3,2035,Thermal,BOG-CUN,zipa_car,63,6294.68,50652
ZIPAEMG3,2040,Thermal,BOG-CUN,zipa_car,63,6294.68,50652
ZIPAEMG3,2045,Thermal,BOG-CUN,zipa_car,63,6294.68,50652
ZIPAEMG4,2020,Thermal,BOG-CUN,zipa_car,64,6399.1,51392
ZIPAEMG4,2025,Thermal,BOG-CUN,zipa_car,64,6399.1,51392
ZIPAEMG4,2030,Thermal,BOG-CUN,zipa_car,64,6399.1,51392
ZIPAEMG4,2035,Thermal,BOG-CUN,zipa_car,64,6399.1,51392
ZIPAEMG4,2040,Thermal,BOG-CUN,zipa_car,64,6399.1,51392
ZIPAEMG4,2045,Thermal,BOG-CUN,zipa_car,64,6399.1,51392
ZIPAEMG5,2020,Thermal,BOG-CUN,zipa_car,63,6303.54,50526
ZIPAEMG5,2025,Thermal,BOG-CUN,zipa_car,63,6303.54,50526
ZIPAEMG5,2030,Thermal,BOG-CUN,zipa_car,63,6303.54,50526
ZIPAEMG5,2035,Thermal,BOG-CUN,zipa_car,63,6303.54,50526
ZIPAEMG5,2040,Thermal,BOG-CUN,zipa_car,63,6303.54,50526
ZIPAEMG5,2045,Thermal,BOG-CUN,zipa_car,63,6303.54,50526
jaguey,2020,Thermal,MET-GUAV,termoyopal_gas,19.4,1801.95,17537.6
jaguey,2025,Thermal,MET-GUAV,termoyopal_gas,19.4,1801.95,17537.6
jaguey,2030,Thermal,MET-GUAV,termoyopal_gas,19.4,1801.95,17537.6
jaguey,2035,Thermal,MET-GUAV,termoyopal_gas,19.4,1801.95,17537.6
jaguey,2040,Thermal,MET-GUAV,termoyopal_gas,19.4,1801.95,17537.6
jaguey,2045,Thermal,MET-GUAV,termoyopal_gas,19.4,1801.95,17537.6
pwcon3,2020,Thermal,COR-SUC,gecelca_car,150,14481.1,127800
pwcon3,2025,Thermal,COR-SUC,gecelca_car,150,14481.1,127800
pwcon3,2030,Thermal,COR-SUC,gecelca_car,150,14481.1,127800
pwcon3,2035,Thermal,COR-SUC,gecelca_car,150,14481.1,127800
pwcon3,2040,Thermal,COR-SUC,gecelca_car,150,14481.1,127800
pwcon3,2045,Thermal,COR-SUC,gecelca_car,150,14481.1,127800
rubiales,2020,Thermal,MET-GUAV,termoyopal_gas,19.4,1881.07,16412.4
rubiales,2025,Thermal,MET-GUAV,termoyopal_gas,19.4,1881.07,16412.4
rubiales,2030,Thermal,MET-GUAV,termoyopal_gas,19.4,1881.07,16412.4
rubiales,2035,Thermal,MET-GUAV,termoyopal_gas,19.4,1881.07,16412.4
rubiales,2040,Thermal,MET-GUAV,termoyopal_gas,19.4,1881.07,16412.4
rubiales,2045,Thermal,MET-GUAV,termoyopal_gas,19.4,1881.07,16412.4
